timestamp,attack_type,f0,f1,f2,f3,f4,f5,f6,f7,f8,label
2026-04-21T05:38:02.327180,NORMAL,0.06403556854361771,0.12336201385415135,0.4723019585778174,0.33,0.5,0.5177470716817949,0.0,0.2635410447258655,1.0,0
2026-04-21T05:38:02.327524,NORMAL,0.1809557841538838,0.9847593900455822,0.4943234416177513,0.66,0.16,0.2801606123331454,0.0,0.24370662914611294,1.0,0
2026-04-21T05:38:02.327580,NORMAL,0.14363767418761467,0.8366197305477159,0.5889472953808256,0.33,0.5,0.8696014911015267,0.0,0.08422679231293136,1.0,0
2026-04-21T05:38:02.327625,NORMAL,0.10759591724139268,0.6617305066720842,0.5340377371209077,0.66,0.16,0.9156406703870277,0.0,0.10646265874653436,1.0,0
2026-04-21T05:38:02.327670,NORMAL,0.02239311817947466,0.26931701490487814,0.49812172188246345,0.33,0.5,0.2268232569572481,0.0,0.264201538051096,1.0,0
2026-04-21T05:38:02.327706,NORMAL,0.17126917590256827,0.008253485236552893,0.41666852633580315,0.33,0.16,0.9872468834868462,0.0,0.23472360285933522,1.0,0
2026-04-21T05:38:02.327744,NORMAL,0.10120273239595365,0.8083975133276926,0.4691692900857538,0.33,0.16,0.1374233850970687,0.0,0.27122149815130897,1.0,0
2026-04-21T05:38:02.327781,PORT_SCAN,0.041038459212028124,0.1127174259325241,0.16666615076110386,0.33,0.16,0.021863654377202193,1.0,0.9205147033638985,1.0,1
2026-04-21T05:38:02.327827,NORMAL,0.07348142320194723,0.021664745881008418,0.5019305441986995,0.66,0.16,0.4444769291046772,0.0,0.014249804161001078,1.0,0
2026-04-21T05:38:02.327867,NORMAL,0.010833548048093989,0.9078136739049086,0.5183413796097581,0.66,0.5,0.19823137235252847,0.0,0.16064468169121124,1.0,0
2026-04-21T05:38:02.327906,NORMAL,0.13661172968940735,0.15041060445238275,0.5220937742357793,0.33,0.5,0.3564126130929258,0.0,0.022415132718601436,1.0,0
2026-04-21T05:38:02.327941,NORMAL,0.10461461459144587,0.22548301567379148,0.49006804696363077,0.33,0.16,0.9578126381455498,0.0,0.2951669719862708,1.0,0
2026-04-21T05:38:02.327976,NORMAL,0.16620028609654133,0.44535528644188516,0.5641902255488871,0.66,0.16,0.371021956954697,0.0,0.03363162364768822,1.0,0
2026-04-21T05:38:02.328011,PORT_SCAN,0.027997706565910885,0.5095682019905162,0.18985812006185288,0.33,0.16,0.025864138318690943,1.0,0.9720848426480386,1.0,1
2026-04-21T05:38:02.328045,NORMAL,0.017727806110867602,0.11116929268459863,0.514416902877559,0.66,0.16,0.9868889957185782,0.0,0.05786913727270798,1.0,0
2026-04-21T05:38:02.328079,NORMAL,0.07025097121778529,0.6283262014479336,0.47660276167907817,0.33,0.5,0.4666523017008487,0.0,0.2685096369267119,1.0,0
2026-04-21T05:38:02.328114,PORT_SCAN,0.043676638564864645,0.7055014163107914,0.1356190500068614,0.33,0.16,0.0018775673558723894,1.0,0.8638946246529765,1.0,1
2026-04-21T05:38:02.328149,NORMAL,0.12590293479956266,0.3078312321923581,0.479209015425112,0.33,0.5,0.17741777392434538,0.0,0.09264775324902702,1.0,0
2026-04-21T05:38:02.328183,NORMAL,0.05747737043911953,0.9803798602276942,0.44850158287709346,0.66,0.5,0.6316775086002334,0.0,0.1965700828189022,1.0,0
2026-04-21T05:38:02.328216,NORMAL,0.02456324217568219,0.8553364135446554,0.4681172333024909,0.33,0.16,0.990557433116599,0.0,0.21963102792532374,1.0,0
2026-04-21T05:38:02.328249,NORMAL,0.1619260085546702,0.46574771333946163,0.5888726329027976,0.66,0.5,0.7107698507331031,0.0,0.14877674351928744,1.0,0
2026-04-21T05:38:02.328282,PORT_SCAN,0.042017181642972974,0.19584461315290824,0.24408605215858725,0.33,0.16,0.04407493233385634,1.0,0.6813227299399881,1.0,1
2026-04-21T05:38:02.328317,NORMAL,0.18298243911236906,0.9325179123130288,0.5134436335907557,0.66,0.5,0.6633522019977194,0.0,0.08788950946653999,1.0,0
2026-04-21T05:38:02.328352,NORMAL,0.16533140007587988,0.41442677605129663,0.5134815827828624,0.66,0.16,0.9194848727784859,0.0,0.28016033513149907,1.0,0
2026-04-21T05:38:02.328385,NORMAL,0.17071081237584323,0.47020721141700117,0.5923324915811322,0.33,0.5,0.38651681523278025,0.0,0.21675007304497368,1.0,0
2026-04-21T05:38:02.328418,NORMAL,0.1202900771882264,0.614124833389391,0.49425549858768303,0.33,0.16,0.5361489907469738,0.0,0.2840919072531567,1.0,0
2026-04-21T05:38:02.328451,NORMAL,0.06935835480483674,0.6299354322175613,0.501690477827181,0.33,0.5,0.9924903094095482,0.0,0.20419038951921004,1.0,0
2026-04-21T05:38:02.328503,PORT_SCAN,0.08553303550677831,0.9789838841655684,0.1486786291149301,0.33,0.16,0.037523967378509306,1.0,0.88689947942507,1.0,1
2026-04-21T05:38:02.328537,NORMAL,0.052820709216899915,0.9071361504589379,0.5335689713855182,0.33,0.5,0.3590879329232688,0.0,0.20098710637762365,1.0,0
2026-04-21T05:38:02.328571,PORT_SCAN,0.040869085404000784,0.09203952994005182,0.15846897599843204,0.33,0.16,0.03997168865644451,1.0,0.8707273310425602,1.0,1
2026-04-21T05:38:02.328604,NORMAL,0.10184876819399223,0.04690708882381067,0.4116762859699102,0.33,0.5,0.5270512332812919,0.0,0.22291446269462717,1.0,0
2026-04-21T05:38:02.328637,NORMAL,0.03574451305901206,0.9811728518794353,0.505552880570659,0.66,0.16,0.596037241554172,0.0,0.2783416991559502,1.0,0
2026-04-21T05:38:02.328670,NORMAL,0.05376531098398902,0.5027460648725263,0.5685248778647318,0.66,0.16,0.5403558645570254,0.0,0.20730407649385718,1.0,0
2026-04-21T05:38:02.328703,NORMAL,0.09678309489003856,0.942207963839619,0.4979453050835681,0.66,0.16,0.3775531455711525,0.0,0.23441402184242452,1.0,0
2026-04-21T05:38:02.328735,NORMAL,0.031136284668634676,0.26794429203191483,0.4718675142882166,0.33,0.5,0.8583737675577667,0.0,0.015613706900612178,1.0,0
2026-04-21T05:38:02.328771,PORT_SCAN,0.04895108775970562,0.5636233355884058,0.1229038665915358,0.33,0.16,0.009303144347280762,1.0,0.8433997687348685,1.0,1
2026-04-21T05:38:02.328803,NORMAL,0.15269805090757688,0.11180298891042495,0.40529718718871427,0.66,0.16,0.47827839031487296,0.0,0.2186260036084378,1.0,0
2026-04-21T05:38:02.328836,NORMAL,0.16485049696157772,0.503724586540904,0.4593925130603039,0.33,0.5,0.5773951499537208,0.0,0.2239991551172632,1.0,0
2026-04-21T05:38:02.328869,NORMAL,0.08024903996382832,0.34112435620557746,0.5553027677248854,0.66,0.5,0.2733522843591367,0.0,0.19910635684885492,1.0,0
2026-04-21T05:38:02.328902,NORMAL,0.02309598296908547,0.5998009954989268,0.4001217364931342,0.66,0.5,0.5017733695349018,0.0,0.22842769921718797,1.0,0
2026-04-21T05:38:02.328934,NORMAL,0.027625895450759753,0.6060864830318592,0.4109087451042561,0.33,0.16,0.6040290706935171,0.0,0.008038546177111704,1.0,0
2026-04-21T05:38:02.328967,NORMAL,0.0896152404679701,0.24519291180294667,0.5634541427919709,0.66,0.5,0.23821445138815744,0.0,0.2945093145135371,1.0,0
2026-04-21T05:38:02.328999,PORT_SCAN,0.06342325414071416,0.06918691788956488,0.12970699945314662,0.33,0.16,0.04999315240531249,1.0,0.9695971556561613,1.0,1
2026-04-21T05:38:02.329031,NORMAL,0.030528877520282473,0.6294747770825766,0.46977265633923854,0.66,0.16,0.18812871286252864,0.0,0.0865411516793592,1.0,0
2026-04-21T05:38:02.329063,NORMAL,0.12069241900009464,0.8332088917645568,0.41729753492884114,0.33,0.16,0.8439417284194617,0.0,0.16345378530005603,1.0,0
2026-04-21T05:38:02.329096,NORMAL,0.1893403669816411,0.9426940816101222,0.5881566398551726,0.66,0.16,0.4015820076063936,0.0,0.2790343872810917,1.0,0
2026-04-21T05:38:02.329127,NORMAL,0.12050515312937814,0.749504096119386,0.5026588981706008,0.66,0.5,0.8208642708998566,0.0,0.2587656894747851,1.0,0
2026-04-21T05:38:02.329156,NORMAL,0.05378610122976475,0.03471804215194729,0.5582306001637463,0.66,0.16,0.3860593826295925,0.0,0.20624828027101755,1.0,0
2026-04-21T05:38:02.329186,NORMAL,0.1263251981203921,0.47719778991887796,0.5820899005746217,0.33,0.5,0.8179198359284966,0.0,0.1882874213554119,1.0,0
2026-04-21T05:38:02.329215,NORMAL,0.07583588612950007,0.4404940799700884,0.5934234120669803,0.66,0.16,0.5242940874545534,0.0,0.12752785053272936,1.0,0
2026-04-21T05:38:02.329244,PORT_SCAN,0.08540724694869214,0.8587563794869283,0.12110506326384014,0.33,0.16,0.005755496360634571,1.0,0.7340691069274781,1.0,1
2026-04-21T05:38:02.329274,NORMAL,0.14845963201043982,0.733844367499301,0.5255826889289358,0.66,0.16,0.6622992242037549,0.0,0.17242814891405656,1.0,0
2026-04-21T05:38:02.329303,NORMAL,0.02594850171659354,0.7539827936216525,0.5262768610012365,0.33,0.16,0.5957470959893167,0.0,0.2795480322325674,1.0,0
2026-04-21T05:38:02.329332,PORT_SCAN,0.0608577655231829,0.35520372368429665,0.2478721137391227,0.33,0.16,0.03776754635471498,1.0,0.8677081106964042,1.0,1
2026-04-21T05:38:02.329372,NORMAL,0.19886225120327222,0.5506744351634818,0.5305140967024045,0.66,0.16,0.9731977071562998,0.0,0.1383871219923047,1.0,0
2026-04-21T05:38:02.329402,PORT_SCAN,0.07356912619127334,0.13522754614114274,0.2758082256078605,0.33,0.16,0.033789107643673474,1.0,0.627422594210573,1.0,1
2026-04-21T05:38:02.329431,NORMAL,0.08571070339723512,0.2105958376032343,0.47669003771126867,0.66,0.5,0.24333791992599196,0.0,0.24660684956164763,1.0,0
2026-04-21T05:38:02.329460,NORMAL,0.12156388332125159,0.16233236549123042,0.4317513561071721,0.33,0.5,0.38450722893347977,0.0,0.05183197996262294,1.0,0
2026-04-21T05:38:02.329491,NORMAL,0.12436711111748731,0.3396082210848511,0.4392807514607479,0.66,0.16,0.649234508403722,0.0,0.2567220952720205,1.0,0
2026-04-21T05:38:02.329529,NORMAL,0.17497098392111407,0.05808658810842271,0.47995957178779264,0.66,0.5,0.3321565610919124,0.0,0.04681263979972718,1.0,0
2026-04-21T05:38:02.329561,PORT_SCAN,0.029815973581961315,0.4174691190683827,0.14112024592225034,0.33,0.16,0.02793987834477419,1.0,0.99862706650726,1.0,1
2026-04-21T05:38:02.329594,PORT_SCAN,0.01091668666757138,0.9749283593394298,0.20919736550964974,0.33,0.16,0.007513592070046738,1.0,0.9216159121095118,1.0,1
2026-04-21T05:38:02.329626,PORT_SCAN,0.04578108595382358,0.7923077326630883,0.16976527103255104,0.33,0.16,0.01829980536852362,1.0,0.9403589268975509,1.0,1
2026-04-21T05:38:02.329659,NORMAL,0.11756934890400225,0.4089292648565208,0.5790100646873798,0.66,0.5,0.45465982397840954,0.0,0.2711117252712834,1.0,0
2026-04-21T05:38:02.329692,PORT_SCAN,0.035138704399036,0.03589822533432652,0.24481801818250035,0.33,0.16,0.04377596330869441,1.0,0.8702232710253865,1.0,1
2026-04-21T05:38:02.329724,NORMAL,0.03962977177802063,0.4113472069149713,0.41491151583262587,0.66,0.5,0.769745315656215,0.0,0.20376383446718038,1.0,0
2026-04-21T05:38:02.329757,PORT_SCAN,0.029288590817687706,0.7078930392410008,0.27849422546155356,0.33,0.16,0.038150329517521404,1.0,0.8057204099206723,1.0,1
2026-04-21T05:38:02.329790,NORMAL,0.18072086417225144,0.8429315254400288,0.47222064393511853,0.33,0.5,0.7486025963126558,0.0,0.13383831501632182,1.0,0
2026-04-21T05:38:02.329823,NORMAL,0.03405274009481362,0.35728040028756713,0.40456054031198985,0.66,0.5,0.3804707330064616,0.0,0.28402938427129365,1.0,0
2026-04-21T05:38:02.329856,PORT_SCAN,0.09731401248506202,0.17442527910088823,0.27642075780685665,0.33,0.16,0.0020436921762900795,1.0,0.7722436172170571,1.0,1
2026-04-21T05:38:02.329889,NORMAL,0.14170228342730928,0.5843944266107992,0.586989701764343,0.33,0.5,0.5210932754277684,0.0,0.22462483622821508,1.0,0
2026-04-21T05:38:02.329922,NORMAL,0.12183664096676666,0.47298017884608157,0.4456382517282827,0.66,0.16,0.36173919283255684,0.0,0.25236209478442384,1.0,0
2026-04-21T05:38:02.329955,PORT_SCAN,0.0205828697925598,0.3396585653680526,0.133499902938191,0.33,0.16,0.024687620408551422,1.0,0.9186923327313784,1.0,1
2026-04-21T05:38:02.329988,NORMAL,0.010935337870912103,0.8278101677057752,0.44589967506161177,0.66,0.16,0.6114411114267413,0.0,0.04935554815809747,1.0,0
2026-04-21T05:38:02.330017,PORT_SCAN,0.06727462710773671,0.6789499457163616,0.12580027997996238,0.33,0.16,0.04819530027106993,1.0,0.8224667873491863,1.0,1
2026-04-21T05:38:02.330047,NORMAL,0.10834919493289259,0.32558489800644097,0.5142161937606653,0.66,0.5,0.3846480519918165,0.0,0.2803420828676052,1.0,0
2026-04-21T05:38:02.330078,PORT_SCAN,0.024573990252131472,0.24921836165379252,0.10775248850202297,0.33,0.16,0.022747653223252614,1.0,0.9561952102538771,1.0,1
2026-04-21T05:38:02.330108,NORMAL,0.0722992328281306,0.7593760117015784,0.5708460712260366,0.33,0.5,0.8489898927211985,0.0,0.02710086172838616,1.0,0
2026-04-21T05:38:02.330137,NORMAL,0.15056423085354909,0.5881861717407624,0.5921333022343418,0.33,0.5,0.7555959039799505,0.0,0.12564381730843865,1.0,0
2026-04-21T05:38:02.330167,NORMAL,0.18602777719646477,0.26135628931428956,0.5017987188674415,0.33,0.16,0.2226073271209652,0.0,0.06727053193213363,1.0,0
2026-04-21T05:38:02.330219,PORT_SCAN,0.08957577849221943,0.0259792744334143,0.2208004555376622,0.33,0.16,0.0009261812744034426,1.0,0.6956778549970558,1.0,1
2026-04-21T05:38:02.330250,NORMAL,0.07164622603055006,0.6343323376460684,0.4329468041781243,0.66,0.16,0.6048529838380793,0.0,0.2826941613543472,1.0,0
2026-04-21T05:38:02.330282,NORMAL,0.12818061656928295,0.020691556961609958,0.5348342950466224,0.66,0.16,0.6007715853498726,0.0,0.12855744457884608,1.0,0
2026-04-21T05:38:02.330313,NORMAL,0.16636528382716326,0.8780525740735557,0.4849904098723028,0.33,0.5,0.9703082233296909,0.0,0.21934873291487703,1.0,0
2026-04-21T05:38:02.330345,NORMAL,0.17434881748324005,0.23321539495622579,0.47195303136044126,0.66,0.16,0.9286486047163214,0.0,0.06506874641069867,1.0,0
2026-04-21T05:38:02.330377,NORMAL,0.07272641960007686,0.9145235044993605,0.49976884942787647,0.33,0.16,0.20686740423995637,0.0,0.03644792748747911,1.0,0
2026-04-21T05:38:02.330407,NORMAL,0.16704825713078508,0.30281555370135127,0.4439124675920963,0.33,0.5,0.3525758043131555,0.0,0.08324319556926599,1.0,0
2026-04-21T05:38:02.330439,NORMAL,0.08401942301979749,0.023872115309394704,0.40768265474266785,0.66,0.5,0.3196006335262528,0.0,0.19761439440116488,1.0,0
2026-04-21T05:38:02.330472,NORMAL,0.1543472298072242,0.2602669037296006,0.5319753340748719,0.33,0.5,0.19187849219674866,0.0,0.02682843408495821,1.0,0
2026-04-21T05:38:02.330503,NORMAL,0.049083067438370126,0.6357998367100093,0.5970208718454542,0.66,0.16,0.7512724284195037,0.0,0.07230432954423689,1.0,0
2026-04-21T05:38:02.330533,NORMAL,0.08558726593305567,0.6154274539151761,0.4889490446877788,0.33,0.16,0.23167374186420178,0.0,0.1420806453704625,1.0,0
2026-04-21T05:38:02.330564,NORMAL,0.025495080991382126,0.9633586153415523,0.5985792063247779,0.66,0.5,0.9832074383374884,0.0,0.26261037651048286,1.0,0
2026-04-21T05:38:02.330595,NORMAL,0.19328340106835107,0.927384079048971,0.40739506143803705,0.33,0.16,0.3665229211913744,0.0,0.09011077821614542,1.0,0
2026-04-21T05:38:02.330626,NORMAL,0.13451900108543458,0.7284154414501045,0.5576564800257932,0.66,0.5,0.8526341648163346,0.0,0.0581080885813566,1.0,0
2026-04-21T05:38:02.330656,NORMAL,0.15258916337034495,0.08293862195619817,0.446582291924884,0.66,0.16,0.19469693484445152,0.0,0.1503766965122859,1.0,0
2026-04-21T05:38:02.330687,NORMAL,0.04228275177926189,0.6898934013848826,0.5727436143397735,0.66,0.5,0.24537958424485018,0.0,0.2115917172848694,1.0,0
2026-04-21T05:38:02.330722,NORMAL,0.09586133287770078,0.2546740391073894,0.4868106446545706,0.33,0.5,0.9913041919577459,0.0,0.2316855915110214,1.0,0
2026-04-21T05:38:02.330754,NORMAL,0.16553978759157612,0.9435211082336293,0.559078021808052,0.66,0.5,0.817866479758894,0.0,0.0006843405906295841,1.0,0
2026-04-21T05:38:02.330784,PORT_SCAN,0.052389691018004746,0.4164973451713303,0.1165406524111813,0.33,0.16,0.042211886758898184,1.0,0.6955634070967305,1.0,1
2026-04-21T05:38:02.330815,NORMAL,0.15803209372802485,0.5367755000287369,0.48997004221705753,0.33,0.16,0.32295865474867047,0.0,0.056234212374261704,1.0,0
2026-04-21T05:38:02.330848,NORMAL,0.17969389010197476,0.17862932833708445,0.548138075546885,0.66,0.5,0.7752038147574304,0.0,0.13424032961567345,1.0,0
2026-04-21T05:38:02.330880,NORMAL,0.0999498120792756,0.09960730590712008,0.471995046652985,0.33,0.5,0.7760873603154737,0.0,0.2779657573750077,1.0,0
2026-04-21T05:38:02.330911,NORMAL,0.18973010415858038,0.47146457367585426,0.4701683150394842,0.33,0.16,0.7086847710949586,0.0,0.186763988065465,1.0,0
2026-04-21T05:38:02.330942,NORMAL,0.10227274265317583,0.3082520703027334,0.40927452694283234,0.66,0.16,0.9361987253002987,0.0,0.04619019310477072,1.0,0
2026-04-21T05:38:02.330973,NORMAL,0.12365227452883785,0.3489505591271397,0.5821430760148396,0.33,0.5,0.19804065648568453,0.0,0.172431417171158,1.0,0
2026-04-21T05:38:02.331004,NORMAL,0.029998280161048475,0.9366612543063,0.5055786384190609,0.66,0.16,0.9167600825641273,0.0,0.24552912320890194,1.0,0
2026-04-21T05:38:02.331034,NORMAL,0.17894547620238466,0.33765834212562107,0.42812910813476607,0.66,0.5,0.31773132858448166,0.0,0.12577391299961774,1.0,0
2026-04-21T05:38:02.331076,NORMAL,0.07406538414101227,0.71532790355345,0.44815623317972075,0.66,0.5,0.3103730095327243,0.0,0.29253957861252905,1.0,0
2026-04-21T05:38:02.331106,NORMAL,0.19519937751049432,0.2012228573014665,0.490641102309251,0.66,0.5,0.22044804382745797,0.0,0.23365832385850188,1.0,0
2026-04-21T05:38:02.331136,NORMAL,0.11982519285691584,0.9823638852924366,0.48252365158115584,0.66,0.5,0.7167550362230171,0.0,0.11329002267389583,1.0,0
2026-04-21T05:38:02.331165,NORMAL,0.060793114049272165,0.10757039315731953,0.44527695087503244,0.33,0.5,0.6329149135878511,0.0,0.109417108410825,1.0,0
2026-04-21T05:38:02.331195,NORMAL,0.08354439372180121,0.3317515913510555,0.5153124534367609,0.66,0.16,0.689975344221899,0.0,0.10077964861216027,1.0,0
2026-04-21T05:38:02.331225,NORMAL,0.13757930933022533,0.8259603308439477,0.4812070469680314,0.33,0.5,0.35727604760840015,0.0,0.003494285191044755,1.0,0
2026-04-21T05:38:02.331260,NORMAL,0.18971734552210712,0.9100888550767605,0.5389436878898126,0.66,0.16,0.12640490682629477,0.0,0.14228212936706225,1.0,0
2026-04-21T05:38:02.331290,NORMAL,0.17561758104536074,0.8809667986615786,0.4821473978492773,0.66,0.5,0.722109387598796,0.0,0.03880652016484706,1.0,0
2026-04-21T05:38:02.331319,NORMAL,0.17941990012286133,0.43128681760444365,0.4499072777641003,0.33,0.5,0.9346939827453766,0.0,0.17579382281066966,1.0,0
2026-04-21T05:38:02.331348,NORMAL,0.07097221167226628,0.15452181862153425,0.5549789261478917,0.66,0.5,0.993189765858364,0.0,0.14450163763115242,1.0,0
2026-04-21T05:38:02.331378,NORMAL,0.11672372719388009,0.9496438678737993,0.5637690615776483,0.33,0.16,0.3294211284504003,0.0,0.1947309754200465,1.0,0
2026-04-21T05:38:02.331408,NORMAL,0.1479773694736805,0.8655943815953002,0.5811893874232124,0.33,0.16,0.3987598303519865,0.0,0.006388848809879632,1.0,0
2026-04-21T05:38:02.331437,PORT_SCAN,0.08054253351095929,0.5297118094042396,0.27423501033266506,0.33,0.16,0.005127240723828053,1.0,0.8172767908047419,1.0,1
2026-04-21T05:38:02.331467,NORMAL,0.1270545281117604,0.13977653042340565,0.5125427396607787,0.66,0.16,0.5490904159539316,0.0,0.008106593335663182,1.0,0
2026-04-21T05:38:02.331497,NORMAL,0.10854943529965895,0.8033047761838193,0.5307833158701191,0.66,0.16,0.6475238016251861,0.0,0.09748207734788823,1.0,0
2026-04-21T05:38:02.331527,NORMAL,0.10555157824149665,0.5368294034370754,0.5881201931799305,0.33,0.5,0.18404869455373807,0.0,0.25642881580110294,1.0,0
2026-04-21T05:38:02.331556,PORT_SCAN,0.08875404084460962,0.29715678768309683,0.2377934864623734,0.33,0.16,0.04850000491839432,1.0,0.9530023031217973,1.0,1
2026-04-21T05:38:02.331585,PORT_SCAN,0.027059170253626252,0.4547237822173973,0.29304999833839773,0.33,0.16,0.02701211260438865,1.0,0.8435936552959412,1.0,1
2026-04-21T05:38:02.331615,NORMAL,0.05876386875499791,0.018876916212954953,0.5644479018198149,0.33,0.5,0.47338926786298585,0.0,0.27723948506190355,1.0,0
2026-04-21T05:38:02.331644,NORMAL,0.15125482044190336,0.7541864828055054,0.5260314257614211,0.33,0.5,0.45253915293400004,0.0,0.28732246393677335,1.0,0
2026-04-21T05:38:02.331674,PORT_SCAN,0.07572819080112798,0.41473545570174986,0.24812217781841922,0.33,0.16,0.019722672549206163,1.0,0.7810405390789389,1.0,1
2026-04-21T05:38:02.331704,NORMAL,0.05973873743193197,0.35314869377744773,0.527102931333475,0.66,0.16,0.12353412261912376,0.0,0.19133364414996387,1.0,0
2026-04-21T05:38:02.331733,NORMAL,0.019597174654821706,0.47046512598780865,0.5973058029355989,0.66,0.16,0.7395077260392052,0.0,0.08667408096243076,1.0,0
2026-04-21T05:38:02.331763,NORMAL,0.08948371394895957,0.7344447693215339,0.48678107259828723,0.33,0.16,0.6584893237691868,0.0,0.2553021565011082,1.0,0
2026-04-21T05:38:02.331793,NORMAL,0.12927625587294467,0.42079056499575807,0.5212697780963891,0.33,0.5,0.3374896813104258,0.0,0.02212570618442996,1.0,0
2026-04-21T05:38:02.331823,NORMAL,0.1814182779227372,0.6545192761746177,0.48491729302299924,0.66,0.16,0.4914094570309374,0.0,0.1223589330384948,1.0,0
2026-04-21T05:38:02.331852,PORT_SCAN,0.04128251383400463,0.8341870828008083,0.12445079798689612,0.33,0.16,0.047630883304064536,1.0,0.7002212963587668,1.0,1
2026-04-21T05:38:02.331892,NORMAL,0.08433409110301048,0.7483854905930114,0.5110340230688607,0.66,0.16,0.3070195688361335,0.0,0.00809427027901034,1.0,0
2026-04-21T05:38:02.331922,NORMAL,0.05903594040826547,0.9487314268055898,0.5808578138005343,0.33,0.5,0.4117709576938394,0.0,0.1282783725634646,1.0,0
2026-04-21T05:38:02.331952,PORT_SCAN,0.056489018332478505,0.6198965324826019,0.19670181598479874,0.33,0.16,0.026355289234210225,1.0,0.6987399323290747,1.0,1
2026-04-21T05:38:02.331980,PORT_SCAN,0.04061499731766909,0.1201821348022809,0.1198333231141094,0.33,0.16,0.015084094436584306,1.0,0.8350327050611861,1.0,1
2026-04-21T05:38:02.332011,NORMAL,0.08501854778983707,0.15267097702999177,0.5637884151525376,0.66,0.5,0.7141781341970254,0.0,0.16844477527859916,1.0,0
2026-04-21T05:38:02.332040,NORMAL,0.03935193911556435,0.6614186917389305,0.47237310092512,0.33,0.5,0.3285172800482034,0.0,0.21844861354299527,1.0,0
2026-04-21T05:38:02.332070,NORMAL,0.08690758757491132,0.2662517124261836,0.5498185907231108,0.33,0.5,0.3165346454976844,0.0,0.008484155942969295,1.0,0
2026-04-21T05:38:02.332099,NORMAL,0.16979446205678997,0.9612587881963635,0.5623780859318848,0.66,0.16,0.9175460106735227,0.0,0.27183905660440133,1.0,0
2026-04-21T05:38:02.332129,NORMAL,0.10430967352218826,0.8220823510430215,0.4968571425021602,0.66,0.16,0.14014299621220633,0.0,0.21384656144944664,1.0,0
2026-04-21T05:38:02.332159,NORMAL,0.04423644538943261,0.351229400630397,0.4257148285747925,0.33,0.5,0.5465960590185731,0.0,0.2482002838172036,1.0,0
2026-04-21T05:38:02.332189,PORT_SCAN,0.014714032302462592,0.3590128269699645,0.23915683871576282,0.33,0.16,0.014587886210907825,1.0,0.8195932366567803,1.0,1
2026-04-21T05:38:02.332218,NORMAL,0.15694963419287475,0.5387976622880323,0.5966198546492025,0.66,0.16,0.20242752911489587,0.0,0.27446207490551217,1.0,0
2026-04-21T05:38:02.332247,NORMAL,0.05752265796714603,0.38036380327600106,0.4041752411755273,0.33,0.5,0.10966211411096033,0.0,0.011273891373471245,1.0,0
2026-04-21T05:38:02.332277,PORT_SCAN,0.073365743014558,0.7248600772250188,0.2588695884275755,0.33,0.16,0.02344792771089911,1.0,0.9431607573584997,1.0,1
2026-04-21T05:38:02.332306,PORT_SCAN,0.07566751043990665,0.13325715056269782,0.15346380663708728,0.33,0.16,0.015442130758933316,1.0,0.905586111236366,1.0,1
2026-04-21T05:38:02.332336,NORMAL,0.11466609839587907,0.02717689201102569,0.4498239258237266,0.33,0.16,0.31182287026510436,0.0,0.1546907525797619,1.0,0
2026-04-21T05:38:02.332365,NORMAL,0.16693024135047058,0.17363966232944694,0.4940265361285991,0.33,0.5,0.5626696954861882,0.0,0.08815187250382574,1.0,0
2026-04-21T05:38:02.332395,NORMAL,0.04637358672777224,0.8445201731784991,0.5301714118771513,0.66,0.16,0.5208507068849437,0.0,0.01824348016256485,1.0,0
2026-04-21T05:38:02.332425,NORMAL,0.1702873243626409,0.11219594864252369,0.5366033211569596,0.66,0.5,0.11867588487090219,0.0,0.2888827889676562,1.0,0
2026-04-21T05:38:02.332454,NORMAL,0.14175674300292646,0.8540961380513787,0.5139583818785464,0.33,0.16,0.7404964021309831,0.0,0.15163020125989107,1.0,0
2026-04-21T05:38:02.332484,NORMAL,0.12963682844745322,0.6723077950273869,0.5091365193606293,0.66,0.16,0.7737186473275025,0.0,0.14535860722453695,1.0,0
2026-04-21T05:38:02.332513,NORMAL,0.02286362318000499,0.5109346509424673,0.5836100620962257,0.66,0.16,0.6082469805941595,0.0,0.07573032436998446,1.0,0
2026-04-21T05:38:02.332542,PORT_SCAN,0.0716509048758499,0.3041902911228358,0.10707206920781674,0.33,0.16,0.0002543969202234708,1.0,0.7447346012843409,1.0,1
2026-04-21T05:38:02.332572,NORMAL,0.10247746363076894,0.7298537009914945,0.42443984811108315,0.66,0.16,0.7788635137030101,0.0,0.08433099496679015,1.0,0
2026-04-21T05:38:02.332601,PORT_SCAN,0.0557147637441464,0.3902406220454623,0.27604181830611046,0.33,0.16,0.01134022801038135,1.0,0.7539963420638076,1.0,1
2026-04-21T05:38:02.332630,NORMAL,0.15478225452454844,0.7032801260720999,0.5960225614380837,0.33,0.5,0.4812964930140323,0.0,0.23058316868638828,1.0,0
2026-04-21T05:38:02.332659,NORMAL,0.13913197353775386,0.044514260025175,0.5342590906479883,0.33,0.5,0.1492873395851151,0.0,0.0019298545306217106,1.0,0
2026-04-21T05:38:02.332699,NORMAL,0.14652626260461094,0.38403541577409117,0.41056255675971276,0.33,0.5,0.26576382893849837,0.0,0.25582148621806583,1.0,0
2026-04-21T05:38:02.332729,PORT_SCAN,0.013410853408451065,0.7315446206531261,0.2100642790592205,0.33,0.16,0.010562290167371109,1.0,0.9421949767933647,1.0,1
2026-04-21T05:38:02.332759,PORT_SCAN,0.060647212231424864,0.038508278235041216,0.14314217685206446,0.33,0.16,0.03273201283530876,1.0,0.8204283106538244,1.0,1
2026-04-21T05:38:02.332788,NORMAL,0.06720638200240084,0.09238996985106773,0.5436353102958327,0.66,0.5,0.5002697782965291,0.0,0.20919714132592934,1.0,0
2026-04-21T05:38:02.332817,NORMAL,0.11121998724969506,0.14983667393153355,0.4823587744261166,0.33,0.16,0.3499803908491873,0.0,0.053271548383078245,1.0,0
2026-04-21T05:38:02.332847,NORMAL,0.12858910428782505,0.1581398351193546,0.5264696836184948,0.66,0.5,0.5636444463957293,0.0,0.1387162743257048,1.0,0
2026-04-21T05:38:02.332877,NORMAL,0.18688365062959925,0.9342104791040141,0.42243885134547016,0.33,0.16,0.44945376254080993,0.0,0.2596328778791925,1.0,0
2026-04-21T05:38:02.332906,NORMAL,0.17174737756741196,0.29317221701448104,0.4782424341738787,0.33,0.5,0.877186681211347,0.0,0.28450515552823674,1.0,0
2026-04-21T05:38:02.332944,NORMAL,0.12787435842207698,0.02547163719356238,0.42239128774747564,0.66,0.5,0.697736417501523,0.0,0.23776023612579622,1.0,0
2026-04-21T05:38:02.332977,NORMAL,0.041765034047362405,0.5247428152912683,0.5374164906557173,0.66,0.16,0.6860339113202111,0.0,0.26729104578757384,1.0,0
2026-04-21T05:38:02.333009,NORMAL,0.13449755889784207,0.509193002655997,0.5819961589661108,0.33,0.16,0.6471195264493703,0.0,0.07150364586424203,1.0,0
2026-04-21T05:38:02.333042,NORMAL,0.023743168477095948,0.4191390786875143,0.4180954458988168,0.66,0.16,0.26818140166922727,0.0,0.153660142818992,1.0,0
2026-04-21T05:38:02.333074,NORMAL,0.17695664089149044,0.7837422897711505,0.5537562119112268,0.33,0.5,0.6072884674272565,0.0,0.17972746782293086,1.0,0
2026-04-21T05:38:02.333107,NORMAL,0.07666925297331514,0.006263728990193229,0.522768813785407,0.33,0.5,0.5040272260218984,0.0,0.09737004004343663,1.0,0
2026-04-21T05:38:02.333140,PORT_SCAN,0.025228944602009667,0.7081902849327703,0.26231701860779294,0.33,0.16,0.03289448507691606,1.0,0.6425304093604977,1.0,1
2026-04-21T05:38:02.333173,NORMAL,0.14694601144089073,0.4965875282582616,0.5185136829884474,0.66,0.16,0.862144016202078,0.0,0.1715884752350065,1.0,0
2026-04-21T05:38:02.333206,NORMAL,0.15021247378015876,0.5128163690969593,0.4269535217462842,0.33,0.16,0.9332960258521583,0.0,0.1300662925479396,1.0,0
2026-04-21T05:38:02.333239,NORMAL,0.04032992201762702,0.14726519817191475,0.4731311967947108,0.33,0.5,0.3670932793785088,0.0,0.08497715405781668,1.0,0
2026-04-21T05:38:02.333272,PORT_SCAN,0.017879629440395995,0.8477550561486289,0.12913044213357355,0.33,0.16,0.038552688725583345,1.0,0.6297501819289287,1.0,1
2026-04-21T05:38:02.333305,NORMAL,0.06708666998319868,0.878077865590659,0.5877939237816012,0.66,0.5,0.4099177476637603,0.0,0.1430623407692306,1.0,0
2026-04-21T05:38:02.333338,NORMAL,0.16558976380482324,0.8482475670413645,0.5885242738973493,0.66,0.16,0.9259040898063264,0.0,0.007927029013148056,1.0,0
2026-04-21T05:38:02.333372,NORMAL,0.16871502032256788,0.32640494479310245,0.5535197617047829,0.66,0.5,0.861147331426421,0.0,0.28679163564008847,1.0,0
2026-04-21T05:38:02.333405,NORMAL,0.18866060115832514,0.14700925251302066,0.5608926912445307,0.66,0.16,0.9256744683315604,0.0,0.1995399398836514,1.0,0
2026-04-21T05:38:02.333438,NORMAL,0.010320763820196012,0.1551891988768508,0.5519530892767504,0.66,0.16,0.27558356245052873,0.0,0.12299558718917449,1.0,0
2026-04-21T05:38:02.333470,PORT_SCAN,0.04163638434859548,0.26202685724173946,0.23154322401743826,0.33,0.16,0.03926110228390534,1.0,0.6242731967158468,1.0,1
2026-04-21T05:38:02.333503,NORMAL,0.11895272677020802,0.6319652596979991,0.4948587406352004,0.33,0.16,0.34662773410007813,0.0,0.0850979862770376,1.0,0
2026-04-21T05:38:02.333535,NORMAL,0.12913932457965635,0.20284272098526812,0.4780824867700638,0.33,0.5,0.6539455305474375,0.0,0.13451651186273464,1.0,0
2026-04-21T05:38:02.333582,NORMAL,0.1224153392903682,0.060158011949264734,0.4993529287250984,0.33,0.16,0.5416086097280925,0.0,0.12308897009028952,1.0,0
2026-04-21T05:38:02.333612,NORMAL,0.18050630470381296,0.8576053496570767,0.5774542774730638,0.33,0.16,0.7788691601876407,0.0,0.03300563605637467,1.0,0
2026-04-21T05:38:02.333641,PORT_SCAN,0.07717716321834064,0.5431534954383986,0.1834068849135005,0.33,0.16,0.007474662520902092,1.0,0.8665490698098917,1.0,1
2026-04-21T05:38:02.333671,NORMAL,0.08245383599393086,0.24123134575916705,0.4760907398076662,0.66,0.5,0.7982427383795871,0.0,0.05908618650159133,1.0,0
2026-04-21T05:38:02.333700,NORMAL,0.18377233260694886,0.7728869906616089,0.4554647218692748,0.66,0.16,0.1479401001431537,0.0,0.02876862999184697,1.0,0
2026-04-21T05:38:02.333729,NORMAL,0.02417978817434361,0.6806078108395494,0.5651172193779788,0.33,0.16,0.11103852007835266,0.0,0.13674310355103428,1.0,0
2026-04-21T05:38:02.333759,PORT_SCAN,0.04399690988482688,0.5266945097612504,0.14020660182474237,0.33,0.16,0.0413262646396329,1.0,0.738548380016411,1.0,1
2026-04-21T05:38:02.333788,NORMAL,0.07973984430306379,0.7088506158722385,0.5345661866922846,0.33,0.5,0.19149467020981942,0.0,0.006386229029284074,1.0,0
2026-04-21T05:38:02.333817,NORMAL,0.11905199601578795,0.07559295868019389,0.5908282878623274,0.66,0.5,0.743181060814359,0.0,0.2601507964041591,1.0,0
2026-04-21T05:38:02.333846,NORMAL,0.08926697194722903,0.6213041427954445,0.4529131970798565,0.66,0.16,0.6635279172600229,0.0,0.2011615130767375,1.0,0
2026-04-21T05:38:02.333875,NORMAL,0.12467396736091273,0.44412605440727126,0.40574209255021904,0.33,0.16,0.23424346940964413,0.0,0.12085881630383379,1.0,0
2026-04-21T05:38:02.333905,NORMAL,0.16421899772524068,0.7828963213494994,0.43534839917382745,0.66,0.16,0.9676532075305321,0.0,0.02748816407610293,1.0,0
2026-04-21T05:38:02.333934,NORMAL,0.16086565980298825,0.5831742045197301,0.4047964387169095,0.66,0.5,0.39458358151915207,0.0,0.2848251845761028,1.0,0
2026-04-21T05:38:02.333963,NORMAL,0.04408552092491195,0.47494432534544617,0.5542812132206438,0.66,0.16,0.782657902201499,0.0,0.123043539935127,1.0,0
2026-04-21T05:38:02.333992,NORMAL,0.10299356545105268,0.07358349871156245,0.5877351929987551,0.33,0.5,0.9516955736854091,0.0,0.19863783706369412,1.0,0
2026-04-21T05:38:02.334021,NORMAL,0.09219894183523172,0.7316267560005327,0.5894921046924607,0.33,0.16,0.28993651135465365,0.0,0.06068392866755968,1.0,0
2026-04-21T05:38:02.334050,NORMAL,0.10605684500164307,0.9800607910856697,0.5257777816328055,0.33,0.16,0.21130591366534335,0.0,0.17994334964849323,1.0,0
2026-04-21T05:38:02.334080,NORMAL,0.1176954535340116,0.8819131746351243,0.46733949157822013,0.66,0.5,0.23739242420318118,0.0,0.14299492981454295,1.0,0
2026-04-21T05:38:02.334109,PORT_SCAN,0.0542825960820257,0.8654078444830611,0.10786964431804474,0.33,0.16,0.04916456272944446,1.0,0.8809776088953121,1.0,1
2026-04-21T05:38:02.334138,NORMAL,0.07084477467064995,0.7135686880717108,0.48309656853786387,0.66,0.5,0.8383590140545792,0.0,0.18714341138498156,1.0,0
2026-04-21T05:38:02.334167,PORT_SCAN,0.03358318510611509,0.830679570600778,0.2847640130726632,0.33,0.16,0.017408917804228763,1.0,0.9423457132647903,1.0,1
2026-04-21T05:38:02.334196,NORMAL,0.07174402014907699,0.010068931577963736,0.5112220792369147,0.33,0.16,0.876744718116507,0.0,0.1461244968454347,1.0,0
2026-04-21T05:38:02.334226,NORMAL,0.19756025006800892,0.5805417199499787,0.44598917379577574,0.66,0.5,0.8667316940410933,0.0,0.036975624181228524,1.0,0
2026-04-21T05:38:02.334255,NORMAL,0.11362916540292775,0.5841118513560909,0.5546185764347968,0.33,0.5,0.21213126046804381,0.0,0.22624544308469483,1.0,0
2026-04-21T05:38:02.334284,NORMAL,0.08755830076316629,0.7691509014081787,0.5656775799643561,0.66,0.5,0.694869550785874,0.0,0.2869145348388705,1.0,0
2026-04-21T05:38:02.334314,NORMAL,0.0641848013685074,0.9678275833985456,0.5869149210533,0.33,0.16,0.47544621149664557,0.0,0.11142861224572999,1.0,0
2026-04-21T05:38:02.334352,NORMAL,0.13635047732975697,0.4056927274224833,0.41719544069274217,0.33,0.16,0.40406892711916076,0.0,0.11526070507143116,1.0,0
2026-04-21T05:38:02.334396,PORT_SCAN,0.04034750854360702,0.5247313491810087,0.2506205230469397,0.33,0.16,0.011166009382108617,1.0,0.8942598664737884,1.0,1
2026-04-21T05:38:02.334429,NORMAL,0.1806211631290799,0.8183885436751182,0.5114609910553753,0.33,0.5,0.1974102899524714,0.0,0.09722954391786529,1.0,0
2026-04-21T05:38:02.334461,NORMAL,0.1331578125074715,0.9580919367362245,0.461469078942492,0.33,0.5,0.2728682815100124,0.0,0.07828920679857576,1.0,0
2026-04-21T05:38:02.334494,NORMAL,0.026891404610859343,0.6425644752536246,0.436239280415505,0.33,0.5,0.3003458861654375,0.0,0.16441202369553132,1.0,0
2026-04-21T05:38:02.334526,NORMAL,0.09584529764538552,0.40512019380738984,0.5814472952533752,0.33,0.16,0.30755961476091054,0.0,0.18432385987446961,1.0,0
2026-04-21T05:38:02.334559,NORMAL,0.11782729493898274,0.5552615100188005,0.4412734692215497,0.66,0.5,0.49970547619090044,0.0,0.20784573093823958,1.0,0
2026-04-21T05:38:02.334591,NORMAL,0.16696206834539207,0.7021648937033583,0.4623050849287527,0.66,0.5,0.8585966497608748,0.0,0.15684541244776645,1.0,0
2026-04-21T05:38:02.334624,NORMAL,0.1207062495323844,0.21877844873624896,0.4698813995988068,0.33,0.16,0.128309193126872,0.0,0.24881115012505178,1.0,0
2026-04-21T05:38:02.334656,NORMAL,0.08382259222804855,0.8750179906298508,0.5073000206094804,0.66,0.16,0.8330998322899084,0.0,0.04620687106631136,1.0,0
2026-04-21T05:38:02.334688,NORMAL,0.05257323936410725,0.4869035211911381,0.5132004369445397,0.66,0.16,0.2919604140236526,0.0,0.12563347108505904,1.0,0
2026-04-21T05:38:02.334721,NORMAL,0.017663584059224947,0.4487775051591224,0.41847586884481036,0.66,0.16,0.5065055388287109,0.0,0.0972150928638456,1.0,0
2026-04-21T05:38:02.334753,NORMAL,0.0577962094701384,0.3950335101444019,0.5294933773805874,0.66,0.16,0.9872812193605095,0.0,0.2519980658390466,1.0,0
2026-04-21T05:38:02.334784,NORMAL,0.18004487065927652,0.7812826285412625,0.5350402880651193,0.66,0.16,0.4625572186781495,0.0,0.11279175825570792,1.0,0
2026-04-21T05:38:02.334813,NORMAL,0.15659230169132582,0.14305482873344855,0.5622695718912704,0.33,0.16,0.793097450292915,0.0,0.07737768232426824,1.0,0
2026-04-21T05:38:02.334842,NORMAL,0.039927570808091686,0.019215569231624374,0.47413893592641204,0.33,0.5,0.2934569880031474,0.0,0.15954917857776493,1.0,0
2026-04-21T05:38:02.334871,NORMAL,0.029003563564148092,0.6960122580004926,0.537134150118352,0.33,0.16,0.6534022744623723,0.0,0.18503473103695575,1.0,0
2026-04-21T05:38:02.334900,NORMAL,0.05379515180475449,0.8072630932984098,0.4904391324896092,0.66,0.5,0.30745189206543744,0.0,0.08602086931412094,1.0,0
2026-04-21T05:38:02.334929,NORMAL,0.1888979121707685,0.7390936143947399,0.5170512115701913,0.33,0.16,0.9359581486194427,0.0,0.12822065352208564,1.0,0
2026-04-21T05:38:02.334958,NORMAL,0.026725598931545337,0.24159682522773096,0.4684456195385827,0.33,0.5,0.42573905305803206,0.0,0.1286130945199737,1.0,0
2026-04-21T05:38:02.334986,NORMAL,0.021518748172198066,0.2925394495529289,0.4678774766601648,0.33,0.16,0.37886918794620805,0.0,0.17172965247089478,1.0,0
2026-04-21T05:38:02.335015,NORMAL,0.11753608717573213,0.688685366320698,0.593315286219685,0.33,0.5,0.6649807612290065,0.0,0.04479208480994694,1.0,0
2026-04-21T05:38:02.335044,NORMAL,0.19917957467706096,0.8022551426295256,0.5708685715421934,0.33,0.16,0.24673312997734295,0.0,0.2623143967392137,1.0,0
2026-04-21T05:38:02.335073,NORMAL,0.023027489458536984,0.3757647995685828,0.542584269877756,0.33,0.16,0.7846148484163494,0.0,0.04570488843262905,1.0,0
2026-04-21T05:38:02.335102,NORMAL,0.12883192617187347,0.326108478387502,0.5140508928902939,0.66,0.16,0.9539870518055515,0.0,0.04137274225186862,1.0,0
2026-04-21T05:38:02.335130,NORMAL,0.18341027265289633,0.740737964616405,0.5424744816323411,0.33,0.16,0.6618128759969911,0.0,0.1224844731825569,1.0,0
2026-04-21T05:38:02.335159,NORMAL,0.0653482024115968,0.7609559274550936,0.4334198884994067,0.66,0.5,0.9497171595824366,0.0,0.04053582089706492,1.0,0
2026-04-21T05:38:02.335188,NORMAL,0.02967705203810011,0.714233430941531,0.5109298181891418,0.66,0.16,0.32099403415496897,0.0,0.08706746900950661,1.0,0
2026-04-21T05:38:02.335227,NORMAL,0.10452755765825444,0.23892392740666402,0.5316680584943928,0.66,0.5,0.31430421958562194,0.0,0.16170047965359607,1.0,0
2026-04-21T05:38:02.335256,NORMAL,0.01796773438452609,0.938532869453347,0.5688254781018415,0.66,0.5,0.7197603678326661,0.0,0.2992530054661544,1.0,0
2026-04-21T05:38:02.335285,NORMAL,0.1433252341406143,0.7564771358647421,0.5776974937105521,0.66,0.16,0.4989277860495268,0.0,0.18016168437015556,1.0,0
2026-04-21T05:38:02.335314,NORMAL,0.10014261753815956,0.28889659655283284,0.4308975191501752,0.33,0.16,0.22499833156171545,0.0,0.20364918943355242,1.0,0
2026-04-21T05:38:02.335342,PORT_SCAN,0.03627246022935629,0.18853882201453553,0.29380599152115106,0.33,0.16,0.04831990139519903,1.0,0.7618677231296269,1.0,1
2026-04-21T05:38:02.335371,NORMAL,0.05215681904647164,0.7193309266251215,0.48342211279418024,0.33,0.16,0.7032434140386492,0.0,0.21474313757222235,1.0,0
2026-04-21T05:38:02.335400,NORMAL,0.04175889909953808,0.06621562436397044,0.5611810142806736,0.33,0.16,0.18309953247777733,0.0,0.17041516978594087,1.0,0
2026-04-21T05:38:02.335429,NORMAL,0.1957463418735618,0.1615671633740451,0.5670791457297686,0.66,0.5,0.5161102153661076,0.0,0.2927360001737922,1.0,0
2026-04-21T05:38:02.335458,PORT_SCAN,0.04233765712335972,0.5841292564217899,0.2686054822015116,0.33,0.16,0.03091977086321709,1.0,0.660280931264179,1.0,1
2026-04-21T05:38:02.335487,NORMAL,0.0770730438244807,0.3433646291638095,0.49876084590314185,0.66,0.16,0.5602325791147035,0.0,0.18557367768310254,1.0,0
2026-04-21T05:38:02.335516,NORMAL,0.07622881870632563,0.10961259737553353,0.4777591085027401,0.66,0.16,0.15314250123038303,0.0,0.006063718106461113,1.0,0
2026-04-21T05:38:02.335544,PORT_SCAN,0.07008423429543377,0.476685166553391,0.10921117461734027,0.33,0.16,0.042123128828087865,1.0,0.7728190470304496,1.0,1
2026-04-21T05:38:02.335574,NORMAL,0.18602760816049957,0.0756319011729325,0.4409027704518948,0.66,0.16,0.36187613774786254,0.0,0.03536558290930679,1.0,0
2026-04-21T05:38:02.335603,NORMAL,0.011799780175245285,0.22816843502313755,0.5329618363109492,0.33,0.5,0.9787692609184118,0.0,0.024698976519460125,1.0,0
2026-04-21T05:38:02.335632,NORMAL,0.17558648149683703,0.2731829848887781,0.5588776170690497,0.66,0.5,0.501773855357944,0.0,0.26914439083180086,1.0,0
2026-04-21T05:38:02.335661,NORMAL,0.0903759946004682,0.18959324684156387,0.47873392147936883,0.66,0.5,0.6637521117934527,0.0,0.19193450258473935,1.0,0
2026-04-21T05:38:02.335690,NORMAL,0.06680528273163909,0.046654296603002465,0.43004909622411713,0.33,0.5,0.4684627524749725,0.0,0.026725680505542002,1.0,0
2026-04-21T05:38:02.335718,NORMAL,0.16184613955609903,0.2134757474826896,0.41150234203269914,0.33,0.16,0.13959053935101962,0.0,0.07294252556624013,1.0,0
2026-04-21T05:38:02.335748,NORMAL,0.1440990150760396,0.8230104582614249,0.4013421977529156,0.33,0.16,0.22197737395317008,0.0,0.03805838866062111,1.0,0
2026-04-21T05:38:02.335777,NORMAL,0.12534041341096394,0.11807144416539805,0.4352164390695039,0.33,0.16,0.1487462578074355,0.0,0.20451865352271892,1.0,0
2026-04-21T05:38:02.335806,NORMAL,0.1966617728516288,0.488464627423698,0.564639527737119,0.66,0.16,0.21241631437595693,0.0,0.24080543857203288,1.0,0
2026-04-21T05:38:02.335835,NORMAL,0.10917461002256454,0.9811239611232317,0.5129260252363427,0.66,0.5,0.9198281998793418,0.0,0.044903231956101394,1.0,0
2026-04-21T05:38:02.335864,NORMAL,0.01571397046921145,0.22977742175555316,0.5264995193893346,0.33,0.16,0.43046204497156415,0.0,0.20900802967146426,1.0,0
2026-04-21T05:38:02.335893,NORMAL,0.045234822651003585,0.36016258169416937,0.49010501196259537,0.33,0.5,0.7888273218203392,0.0,0.18316043905064794,1.0,0
2026-04-21T05:38:02.335922,NORMAL,0.1552227476311932,0.45970137711236936,0.4490191909329788,0.33,0.16,0.5628364498709495,0.0,0.04823346665537141,1.0,0
2026-04-21T05:38:02.335951,NORMAL,0.08159430761775303,0.5562149483044428,0.4585393096268249,0.33,0.5,0.8321555466889531,0.0,0.1223612340109388,1.0,0
2026-04-21T05:38:02.335989,NORMAL,0.15559695646670713,0.9623823618973448,0.5097135871112739,0.66,0.16,0.5789755249679102,0.0,0.06794294582625104,1.0,0
2026-04-21T05:38:02.336018,NORMAL,0.1679144611959231,0.8777020823760807,0.49480735215732347,0.33,0.16,0.8024552744897948,0.0,0.1285539611408026,1.0,0
2026-04-21T05:38:02.336047,NORMAL,0.13839249874658813,0.6897822197788036,0.5693501592198469,0.33,0.16,0.8366429184433993,0.0,0.2242185792959787,1.0,0
2026-04-21T05:38:02.336076,NORMAL,0.18950280430391284,0.5268252252064719,0.5306561425813021,0.66,0.5,0.45014684893091095,0.0,0.04734925212548946,1.0,0
2026-04-21T05:38:02.336105,NORMAL,0.026678739694814782,0.5371452064831952,0.4935848551317654,0.33,0.16,0.721841802709015,0.0,0.10837208838738095,1.0,0
2026-04-21T05:38:02.336134,NORMAL,0.03339751610138956,0.2532797380410885,0.49582429770468955,0.33,0.16,0.4151864922521602,0.0,0.22875905898809507,1.0,0
2026-04-21T05:38:02.336163,NORMAL,0.1623607071888491,0.694416119817795,0.5843492373793469,0.33,0.16,0.3786133963983864,0.0,0.09055149112552703,1.0,0
2026-04-21T05:38:02.336192,NORMAL,0.10705388006207192,0.6872304130908521,0.5439750102758398,0.66,0.5,0.673231186251854,0.0,0.23947998121099373,1.0,0
2026-04-21T05:38:02.336221,NORMAL,0.15999228937543636,0.6331318010117578,0.40543669142396177,0.33,0.5,0.3181321613132838,0.0,0.2898617858610087,1.0,0
2026-04-21T05:38:02.336250,NORMAL,0.010249334166629437,0.09340026851857242,0.5206495175636724,0.66,0.16,0.2677876485317739,0.0,0.2880979299241975,1.0,0
2026-04-21T05:38:02.336279,NORMAL,0.1510414184992837,0.3568951176293196,0.42334427806576497,0.33,0.5,0.7047525141529045,0.0,0.08730128840202868,1.0,0
2026-04-21T05:38:02.336308,NORMAL,0.024525437974194216,0.7878551189508791,0.5657085298274993,0.33,0.16,0.4744969203029882,0.0,0.15258641918740426,1.0,0
2026-04-21T05:38:02.336337,NORMAL,0.16451338645149363,0.0958733243123282,0.4388227767660746,0.66,0.16,0.19895701474836164,0.0,0.03992618661576031,1.0,0
2026-04-21T05:38:02.336366,PORT_SCAN,0.03682556348390017,0.6642934070503668,0.2864994747236743,0.33,0.16,0.028107698154579714,1.0,0.8758374959124341,1.0,1
2026-04-21T05:38:02.336395,NORMAL,0.01594321038071228,0.09684948517702874,0.40610747176731626,0.33,0.16,0.8854944453336717,0.0,0.24747672162637044,1.0,0
2026-04-21T05:38:02.336424,NORMAL,0.16639278177461345,0.6007065964961282,0.5245394925552359,0.66,0.5,0.3561637681552765,0.0,0.2028351317827386,1.0,0
2026-04-21T05:38:02.336453,NORMAL,0.02292953264497607,0.8834239733499146,0.40027300436652136,0.66,0.16,0.17905010358486728,0.0,0.07058254630531031,1.0,0
2026-04-21T05:38:02.336482,NORMAL,0.0777738347982916,0.9906433331514366,0.5450058555472268,0.33,0.16,0.4214537574697875,0.0,0.15124100349900638,1.0,0
2026-04-21T05:38:02.336511,PORT_SCAN,0.08108170376769447,0.21944591069424246,0.19574660292224233,0.33,0.16,0.006329754225888273,1.0,0.8169499204537447,1.0,1
2026-04-21T05:38:02.336541,NORMAL,0.13214097847514564,0.9101447119326174,0.4271441358457792,0.66,0.16,0.41751571183672787,0.0,0.2486410745918305,1.0,0
2026-04-21T05:38:02.336570,NORMAL,0.025433745655727605,0.5078235706087084,0.4164071166714707,0.33,0.16,0.5044848040734486,0.0,0.1747201405473688,1.0,0
2026-04-21T05:38:02.336598,NORMAL,0.054691277435540454,0.7858163207897791,0.5931901709497494,0.33,0.5,0.8213341301949041,0.0,0.017596483799317407,1.0,0
2026-04-21T05:38:02.336628,NORMAL,0.13473039535253586,0.3936319758805017,0.4539920944113701,0.66,0.16,0.4993106902663893,0.0,0.052987614596802686,1.0,0
2026-04-21T05:38:02.336657,NORMAL,0.08175286995245729,0.36153949324964596,0.4230606676566663,0.33,0.16,0.9839878007924103,0.0,0.037854670750495964,1.0,0
2026-04-21T05:38:02.336685,PORT_SCAN,0.020367476827632562,0.8571108918857514,0.29468788948971203,0.33,0.16,0.019648873148235754,1.0,0.9327891174517637,1.0,1
2026-04-21T05:38:02.336714,NORMAL,0.0927363549367119,0.2594443817711527,0.40769547583333643,0.66,0.5,0.3930492195390989,0.0,0.11032039437456398,1.0,0
2026-04-21T05:38:02.336743,NORMAL,0.14384245925980083,0.891814344891081,0.5687802286250758,0.66,0.16,0.7644581652408815,0.0,0.192832891365111,1.0,0
2026-04-21T05:38:02.336781,NORMAL,0.18204022918324947,0.6765835333971241,0.5170957970635676,0.66,0.5,0.8538648184720431,0.0,0.16266312989150025,1.0,0
2026-04-21T05:38:02.336810,NORMAL,0.12240288433683302,0.516518404532001,0.5681475032144485,0.66,0.16,0.4862794472006875,0.0,0.25230949857548346,1.0,0
2026-04-21T05:38:02.336840,NORMAL,0.09507587867346445,0.6046159163451255,0.44865491863109397,0.33,0.16,0.9449768685186055,0.0,0.040391934759393046,1.0,0
2026-04-21T05:38:02.336869,PORT_SCAN,0.07004666457450817,0.19070278787569306,0.2839865908030025,0.33,0.16,0.026635957806388978,1.0,0.6684629095496174,1.0,1
2026-04-21T05:38:02.336898,NORMAL,0.13920049171399929,0.07123505570338073,0.479934822712984,0.33,0.5,0.9954830839534909,0.0,0.23538621229005396,1.0,0
2026-04-21T05:38:02.336929,NORMAL,0.10672499145602134,0.8845993937438741,0.4865393343546582,0.66,0.16,0.37884900975510294,0.0,0.14363682429857863,1.0,0
2026-04-21T05:38:02.336959,NORMAL,0.19216446159133904,0.7141250347256299,0.47529260110058,0.66,0.16,0.22330470588779155,0.0,0.29552688998467425,1.0,0
2026-04-21T05:38:02.336987,PORT_SCAN,0.010200300329411232,0.680731029237032,0.24378710232350806,0.33,0.16,0.012010720173974032,1.0,0.6266709536592945,1.0,1
2026-04-21T05:38:02.337017,NORMAL,0.06672623652915101,0.49125945436560947,0.41883363488911257,0.33,0.16,0.41859140518467985,0.0,0.03100387632813446,1.0,0
2026-04-21T05:38:02.337046,NORMAL,0.06121351242775073,0.636771962151951,0.5496055917714657,0.33,0.5,0.6442091633123157,0.0,0.08363918913167956,1.0,0
2026-04-21T05:38:02.337075,NORMAL,0.05979822938490821,0.7830554208612174,0.4508909869850309,0.66,0.16,0.5872200706671368,0.0,0.16414218993015764,1.0,0
2026-04-21T05:38:02.337106,NORMAL,0.19290016119454445,0.7686627903014244,0.5822853227657189,0.33,0.5,0.39980009858317744,0.0,0.21484865468421444,1.0,0
2026-04-21T05:38:02.337135,NORMAL,0.032875160072010114,0.1343725100125035,0.4575965316869665,0.66,0.5,0.21795498647601586,0.0,0.25192233650593354,1.0,0
2026-04-21T05:38:02.337163,PORT_SCAN,0.06065002091125332,0.5167126848744263,0.1417726105610545,0.33,0.16,0.04266995526473921,1.0,0.8016172311050087,1.0,1
2026-04-21T05:38:02.337192,NORMAL,0.1281788726375418,0.36446441047769074,0.5388374362980083,0.33,0.16,0.29017124199928535,0.0,0.26267300199318805,1.0,0
2026-04-21T05:38:02.337221,PORT_SCAN,0.09880775115985832,0.8770833839710461,0.10901296221104234,0.33,0.16,0.012078214079763644,1.0,0.9109414544676514,1.0,1
2026-04-21T05:38:02.337250,NORMAL,0.05080920794993257,0.2562601836386801,0.5797643534212314,0.66,0.16,0.5202907356963025,0.0,0.03267126068382773,1.0,0
2026-04-21T05:38:02.337279,PORT_SCAN,0.04496530270229654,0.5882369997016982,0.1916884643935713,0.33,0.16,0.040064146162063635,1.0,0.711781669027775,1.0,1
2026-04-21T05:38:02.337308,NORMAL,0.043430678196567984,0.8161192997016635,0.5990621198439428,0.33,0.5,0.6357496825894686,0.0,0.11484288844488565,1.0,0
2026-04-21T05:38:02.337340,NORMAL,0.02076575642998318,0.4960473197969536,0.45860934325427993,0.33,0.16,0.2174659215435816,0.0,0.033322121172128,1.0,0
2026-04-21T05:38:02.337369,NORMAL,0.024682982951786954,0.08328011600817864,0.4547423823533235,0.66,0.16,0.256267589345729,0.0,0.26504936548913044,1.0,0
2026-04-21T05:38:02.337398,NORMAL,0.0803931405188069,0.4840677760049228,0.40476780606005,0.66,0.5,0.7863809485463343,0.0,0.21783070715667496,1.0,0
2026-04-21T05:38:02.337429,NORMAL,0.16048302639239356,0.3484607639579953,0.49334360272415845,0.33,0.5,0.8338634769587171,0.0,0.2194338012839762,1.0,0
2026-04-21T05:38:02.337459,NORMAL,0.15117742709066107,0.10510450734816779,0.47775203092357443,0.33,0.16,0.860059355825546,0.0,0.18797474016858165,1.0,0
2026-04-21T05:38:02.337488,NORMAL,0.19394489588641645,0.7447732666852301,0.5124869733401827,0.33,0.5,0.8591696930764064,0.0,0.16639637246984793,1.0,0
2026-04-21T05:38:02.337517,PORT_SCAN,0.09514526581480202,0.7731435830465749,0.23314634871180706,0.33,0.16,0.029870168120965115,1.0,0.9839315277264435,1.0,1
2026-04-21T05:38:02.337546,NORMAL,0.07378060439001873,0.7385088662190368,0.46795170524776714,0.66,0.16,0.9784448243254504,0.0,0.15286039059851408,1.0,0
2026-04-21T05:38:02.337586,NORMAL,0.04691217693328222,0.7516217666193671,0.4938935165117667,0.66,0.5,0.4738860437012794,0.0,0.18402079353483117,1.0,0
2026-04-21T05:38:02.337615,NORMAL,0.09461401905950317,0.8685905087155401,0.4158821380253406,0.33,0.16,0.7251307945408689,0.0,0.24291573020556176,1.0,0
2026-04-21T05:38:02.337644,NORMAL,0.15690836333370753,0.5538041026057414,0.49230257051499415,0.33,0.16,0.1751221879947953,0.0,0.2754140956985819,1.0,0
2026-04-21T05:38:02.337673,NORMAL,0.09520079153002993,0.2880018433604298,0.5527005953767061,0.33,0.16,0.6858985340750409,0.0,0.20589458880599532,1.0,0
2026-04-21T05:38:02.337702,NORMAL,0.025259546247475208,0.5526649623592577,0.42580288714419406,0.33,0.5,0.24371216543524277,0.0,0.26760526508404303,1.0,0
2026-04-21T05:38:02.337739,PORT_SCAN,0.018047065422694415,0.4248096572773091,0.16555200140624,0.33,0.16,0.025001340648786598,1.0,0.9079169416659642,1.0,1
2026-04-21T05:38:02.337772,PORT_SCAN,0.03593893671831444,0.8190615592620225,0.2463457937276802,0.33,0.16,0.045306705505135166,1.0,0.9036645981410271,1.0,1
2026-04-21T05:38:02.337816,PORT_SCAN,0.07571885264492798,0.7955616787360869,0.13425381109268272,0.33,0.16,0.021373102413095525,1.0,0.6865941721698846,1.0,1
2026-04-21T05:38:02.337902,NORMAL,0.03992670246388715,0.7986912401243208,0.5003348485327993,0.66,0.16,0.6770049011297574,0.0,0.14137520627771008,1.0,0
2026-04-21T05:38:02.337958,NORMAL,0.013907895122711149,0.0747681817419259,0.5761531567094963,0.33,0.5,0.15362134470697264,0.0,0.21107555881022408,1.0,0
2026-04-21T05:38:02.337994,NORMAL,0.029999703051193233,0.1784277827506654,0.43640437258662845,0.66,0.16,0.9537347245867263,0.0,0.05194835281505337,1.0,0
2026-04-21T05:38:02.338028,NORMAL,0.08866506366758321,0.5588589049490109,0.4435559150789768,0.66,0.5,0.22650667833481986,0.0,0.1332738759127925,1.0,0
2026-04-21T05:38:02.338100,PORT_SCAN,0.0173045417527005,0.4545638182720192,0.1732287424286448,0.33,0.16,0.023564101380671023,1.0,0.6050163453369807,1.0,1
2026-04-21T05:38:02.338151,NORMAL,0.14077147107928736,0.11602853677795377,0.5148754144531865,0.66,0.16,0.8613671103250314,0.0,0.03383023865620277,1.0,0
2026-04-21T05:38:02.338274,NORMAL,0.03474617560262129,0.1585726351745831,0.5760210823392227,0.66,0.16,0.5176356694523291,0.0,0.2681872719770701,1.0,0
2026-04-21T05:38:02.338342,NORMAL,0.18707062799318402,0.3585675838478599,0.5508611434116605,0.33,0.5,0.888550864331537,0.0,0.00235418531600694,1.0,0
2026-04-21T05:38:02.338386,NORMAL,0.05272321333216437,0.25389531742451765,0.4113831731770371,0.66,0.16,0.4904810400023134,0.0,0.24497790291634933,1.0,0
2026-04-21T05:38:02.338424,NORMAL,0.13655946952006762,0.7301468595292655,0.46047988807205376,0.66,0.5,0.9216621677912018,0.0,0.23262410685711965,1.0,0
2026-04-21T05:38:02.338462,PORT_SCAN,0.020046802704626818,0.3967041711613253,0.16833508877690875,0.33,0.16,0.03776376292592704,1.0,0.8117828886563541,1.0,1
2026-04-21T05:38:02.338499,NORMAL,0.11573522876741593,0.7091057047009157,0.5258659265310655,0.66,0.5,0.29306667076166065,0.0,0.13679195874113467,1.0,0
2026-04-21T05:38:02.338535,NORMAL,0.11321839260981821,0.14142980629617974,0.42479911607684356,0.66,0.5,0.7831748573002391,0.0,0.12788993897162862,1.0,0
2026-04-21T05:38:02.338571,NORMAL,0.11154717393057545,0.47846489541796167,0.46465730731437827,0.33,0.5,0.6016126297989327,0.0,0.26610352088298683,1.0,0
2026-04-21T05:38:02.338606,NORMAL,0.053586401659363084,0.5249587579342184,0.4340463282368993,0.33,0.5,0.8037745256485196,0.0,0.27914538474839756,1.0,0
2026-04-21T05:38:02.338641,NORMAL,0.07494139978054395,0.003738067802559142,0.538019883821368,0.66,0.5,0.955736552556845,0.0,0.14968248000896395,1.0,0
2026-04-21T05:38:02.338688,NORMAL,0.053068928560217825,0.08910378167471011,0.4309049841402843,0.66,0.5,0.14493757532263177,0.0,0.08441998840569348,1.0,0
2026-04-21T05:38:02.338733,NORMAL,0.09720094933305348,0.9524462839035969,0.4074885255103357,0.33,0.16,0.8683278164867609,0.0,0.25633994891602807,1.0,0
2026-04-21T05:38:02.338768,NORMAL,0.04806971843117664,0.14867443398615332,0.4114967234685523,0.66,0.16,0.1174034850090898,0.0,0.09433326396503042,1.0,0
2026-04-21T05:38:02.338824,NORMAL,0.05302866975168275,0.49648175211398604,0.5891017748101136,0.66,0.16,0.2617959649123015,0.0,0.21045436133108847,1.0,0
2026-04-21T05:38:02.338873,NORMAL,0.16508451117430703,0.0905921152075152,0.4355121818886666,0.66,0.16,0.5207624551694064,0.0,0.13227228136279698,1.0,0
2026-04-21T05:38:02.338919,NORMAL,0.16652686434051656,0.6959313729022744,0.5139275231103788,0.66,0.16,0.16628272926893073,0.0,0.2511477231480661,1.0,0
2026-04-21T05:38:02.338955,NORMAL,0.1365136897388669,0.5058851124677659,0.4744897302820637,0.66,0.16,0.16829187261190348,0.0,0.024472365915568926,1.0,0
2026-04-21T05:38:02.338989,NORMAL,0.0857441620026791,0.40199161814949036,0.5082834126884777,0.33,0.5,0.6268704411023228,0.0,0.2807192907367812,1.0,0
2026-04-21T05:38:02.339023,NORMAL,0.12293907035494143,0.3192850809790143,0.5148255747997925,0.33,0.5,0.33990017918561966,0.0,0.10815757653483227,1.0,0
2026-04-21T05:38:02.339057,NORMAL,0.17023411035582592,0.5863218864605104,0.42588704897027924,0.66,0.16,0.4053965148739682,0.0,0.10214381300277699,1.0,0
2026-04-21T05:38:02.339091,NORMAL,0.019531438856721803,0.1913553820294719,0.4080426703712103,0.66,0.16,0.23246696809851616,0.0,0.2642121658639539,1.0,0
2026-04-21T05:38:02.339125,NORMAL,0.10090998672232532,0.7734935420919548,0.49107198171490335,0.33,0.5,0.6126745048483203,0.0,0.2852188748011269,1.0,0
2026-04-21T05:38:02.339158,NORMAL,0.1549386434861846,0.6603033423995779,0.5885128352952689,0.33,0.16,0.3952596980025349,0.0,0.20007922966167,1.0,0
2026-04-21T05:38:02.339191,NORMAL,0.059033843769436135,0.14052256007626296,0.4540505184605954,0.66,0.16,0.6507305644919728,0.0,0.1540695018331567,1.0,0
2026-04-21T05:38:02.339224,NORMAL,0.06648429470304984,0.46341898612743926,0.5954812619365543,0.66,0.5,0.10889829129240894,0.0,0.06631308283116304,1.0,0
2026-04-21T05:38:02.339258,PORT_SCAN,0.016587924075652134,0.8814990990691235,0.24360862758378796,0.33,0.16,0.015602838503944338,1.0,0.9687547292448127,1.0,1
2026-04-21T05:38:02.339291,NORMAL,0.011358469206365997,0.7820444775740205,0.4205600752402955,0.33,0.16,0.46090583622439985,0.0,0.22179384063797256,1.0,0
2026-04-21T05:38:02.339324,NORMAL,0.04205714744540096,0.5256822776745383,0.45306543987596776,0.33,0.5,0.9234064598994338,0.0,0.01332864743647012,1.0,0
2026-04-21T05:38:02.339358,NORMAL,0.13398051679142423,0.6665219593352133,0.44640663351928556,0.66,0.16,0.7465351315505934,0.0,0.1931230989711367,1.0,0
2026-04-21T05:38:02.339390,PORT_SCAN,0.04873111727954574,0.729779713960786,0.21281296613504952,0.33,0.16,0.03842387633874858,1.0,0.6007677922773408,1.0,1
2026-04-21T05:38:02.339423,NORMAL,0.07046521848220928,0.16495269153881686,0.41764752163857316,0.66,0.16,0.8251253829359109,0.0,0.2689184613200499,1.0,0
2026-04-21T05:38:02.339457,NORMAL,0.11479609417223799,0.4595156817465983,0.40653017354154164,0.33,0.5,0.21184794342251012,0.0,0.07538669182829962,1.0,0
2026-04-21T05:38:02.339490,NORMAL,0.07100160630117931,0.19568990162867206,0.40333530768697823,0.33,0.5,0.8784153803254517,0.0,0.08085219658242367,1.0,0
2026-04-21T05:38:02.339523,NORMAL,0.18040768821171202,0.17496172034362034,0.4073106978260796,0.66,0.16,0.8575275220816633,0.0,0.14565296948447107,1.0,0
2026-04-21T05:38:02.339556,NORMAL,0.18789733817986384,0.32485664244841017,0.5821574716893592,0.33,0.5,0.6104955395682116,0.0,0.14361394048547205,1.0,0
2026-04-21T05:38:02.339589,NORMAL,0.026025810041228004,0.10420473568222766,0.517578473772733,0.66,0.5,0.8080350083789406,0.0,0.13379968683812613,1.0,0
2026-04-21T05:38:02.339621,NORMAL,0.063228089054457,0.5759418196093686,0.4548348250929843,0.66,0.5,0.654362540804086,0.0,0.1822839918422694,1.0,0
2026-04-21T05:38:02.339651,NORMAL,0.13231250487173488,0.7731159316065699,0.49131594922156785,0.33,0.16,0.7619892270098987,0.0,0.11396476338112874,1.0,0
2026-04-21T05:38:02.339680,NORMAL,0.13139573990782483,0.6145089890694121,0.4889821200782561,0.33,0.5,0.8619412336858828,0.0,0.0971852741291828,1.0,0
2026-04-21T05:38:02.339709,NORMAL,0.08218617380094055,0.7426113675554221,0.5729489990065757,0.33,0.16,0.9603482389075201,0.0,0.17352075937034128,1.0,0
2026-04-21T05:38:02.339751,PORT_SCAN,0.06321372737897524,0.13534028305256263,0.29782701649562016,0.33,0.16,0.026808706525730794,1.0,0.6786374051915296,1.0,1
2026-04-21T05:38:02.339781,PORT_SCAN,0.022416029179480587,0.5746069471417906,0.21486913392901158,0.33,0.16,0.04503727226167451,1.0,0.7978108450889985,1.0,1
2026-04-21T05:38:02.339810,NORMAL,0.1253852140808921,0.6322389685623256,0.5134032941619251,0.66,0.16,0.6980701468587543,0.0,0.024119150206376404,1.0,0
2026-04-21T05:38:02.339839,NORMAL,0.06373056579570868,0.4861276338942261,0.5252913008653137,0.66,0.16,0.166479764473963,0.0,0.02862672149967342,1.0,0
2026-04-21T05:38:02.339869,NORMAL,0.12241344268393237,0.3895821483278521,0.4951016138780066,0.66,0.5,0.4329831503551623,0.0,0.18141284170092034,1.0,0
2026-04-21T05:38:02.339899,NORMAL,0.10203709500908581,0.034831148168743886,0.5805891599469145,0.66,0.16,0.29572090713948757,0.0,0.2250978764422055,1.0,0
2026-04-21T05:38:02.339928,NORMAL,0.16942271647962667,0.8617795711702387,0.5851644914466558,0.33,0.5,0.34357295574660507,0.0,0.0358553755659715,1.0,0
2026-04-21T05:38:02.339958,NORMAL,0.03084391499601253,0.6379054978706054,0.50530975145397,0.66,0.5,0.38369159146943843,0.0,0.2801204631422844,1.0,0
2026-04-21T05:38:02.339988,NORMAL,0.06400814498833102,0.9045058826405161,0.4928637559558764,0.66,0.5,0.4142241426501687,0.0,0.23085948158981642,1.0,0
2026-04-21T05:38:02.340018,NORMAL,0.13583795664366427,0.9417798724907481,0.5174830325783144,0.66,0.16,0.9599112627555617,0.0,0.0835011375206942,1.0,0
2026-04-21T05:38:02.340048,NORMAL,0.16774783845040223,0.3155016987090581,0.4812348385206161,0.66,0.5,0.34903174123762054,0.0,0.025279999061424096,1.0,0
2026-04-21T05:38:02.340077,PORT_SCAN,0.060197021304191176,0.887509980674229,0.29616815052505807,0.33,0.16,0.01176683974713913,1.0,0.8264332306662692,1.0,1
2026-04-21T05:38:02.340107,NORMAL,0.17058118099737712,0.5810286633678552,0.47562927103418184,0.66,0.5,0.6714992404717313,0.0,0.09349196333213716,1.0,0
2026-04-21T05:38:02.340136,NORMAL,0.1592955351108231,0.32278824448886523,0.570760059659561,0.33,0.16,0.2008852749425088,0.0,0.23216691170646367,1.0,0
2026-04-21T05:38:02.340165,NORMAL,0.17940624571819475,0.5380689200250551,0.5419206139841618,0.66,0.16,0.3456064622133514,0.0,0.10851569637479966,1.0,0
2026-04-21T05:38:02.340194,NORMAL,0.14874458097403492,0.2631862202377645,0.4570653779235155,0.66,0.5,0.5103178426939701,0.0,0.08326519641305848,1.0,0
2026-04-21T05:38:02.340224,NORMAL,0.19545671065352507,0.9270069109953725,0.5745715250373009,0.33,0.16,0.5227539743746078,0.0,0.0498737366073551,1.0,0
2026-04-21T05:38:02.340253,NORMAL,0.10775248072357967,0.19624052591761731,0.46430191472714355,0.33,0.16,0.38093077191352387,0.0,0.2585819188759491,1.0,0
2026-04-21T05:38:02.340283,NORMAL,0.024619644518603954,0.695404577137478,0.41764410743083247,0.66,0.16,0.61785203037723,0.0,0.18614821818846558,1.0,0
2026-04-21T05:38:02.340312,PORT_SCAN,0.08780243151528186,0.09008838257721163,0.25765055955910415,0.33,0.16,0.007647944326915574,1.0,0.6062132481591799,1.0,1
2026-04-21T05:38:02.340341,NORMAL,0.17060177562931197,0.3581053820112262,0.48431543490691464,0.66,0.16,0.6753940822507146,0.0,0.07911336645524925,1.0,0
2026-04-21T05:38:02.340370,NORMAL,0.08175165008806595,0.7196602512371981,0.5424475125457953,0.66,0.5,0.44983102649921247,0.0,0.24461367285123292,1.0,0
2026-04-21T05:38:02.340400,NORMAL,0.1429923726095724,0.6227390386543411,0.5713983976649647,0.33,0.5,0.42610681101080616,0.0,0.2760790421203617,1.0,0
2026-04-21T05:38:02.340429,NORMAL,0.023783276471093056,0.17366968344559586,0.44856976411786037,0.33,0.16,0.4863272265920775,0.0,0.019905435259993953,1.0,0
2026-04-21T05:38:02.340458,PORT_SCAN,0.09848072365522152,0.6815805307790096,0.2800000892642819,0.33,0.16,0.047750289484273414,1.0,0.8352912650770072,1.0,1
2026-04-21T05:38:02.340488,PORT_SCAN,0.08796084166060678,0.597633401661708,0.26557319284482067,0.33,0.16,0.0486666627265086,1.0,0.6981405314084987,1.0,1
2026-04-21T05:38:02.340528,NORMAL,0.0839629806929724,0.9333043924626057,0.5628584665553353,0.33,0.16,0.3738688381948031,0.0,0.20894361623671764,1.0,0
2026-04-21T05:38:02.340558,NORMAL,0.1865390898241977,0.7427877415841596,0.594003897400889,0.66,0.5,0.6910340103692124,0.0,0.2576068127703057,1.0,0
2026-04-21T05:38:02.340587,NORMAL,0.15524954748213324,0.28780275557557067,0.46190477816498865,0.66,0.16,0.8503762985873354,0.0,0.28244957601870113,1.0,0
2026-04-21T05:38:02.340617,NORMAL,0.1316823358312192,0.1917695848209463,0.48474729777296344,0.33,0.16,0.5792626209073315,0.0,0.14064682048529517,1.0,0
2026-04-21T05:38:02.340646,PORT_SCAN,0.019133834275571467,0.12788871918269762,0.17567661947994184,0.33,0.16,0.0065350213787255754,1.0,0.6398607852669729,1.0,1
2026-04-21T05:38:02.340676,PORT_SCAN,0.0796224339314498,0.24707786672638654,0.19114769871272316,0.33,0.16,0.022797755190336,1.0,0.9399943945925069,1.0,1
2026-04-21T05:38:02.340706,NORMAL,0.10864514027943896,0.8239615825249238,0.5822915418126118,0.33,0.16,0.6788740649019102,0.0,0.2460092772211488,1.0,0
2026-04-21T05:38:02.340735,PORT_SCAN,0.02893043157328875,0.9155019407586504,0.16970540219179525,0.33,0.16,0.012990094173479806,1.0,0.794584471297002,1.0,1
2026-04-21T05:38:02.340764,NORMAL,0.08112843447868749,0.5153071186687193,0.4718241144222304,0.66,0.5,0.1105044810057479,0.0,0.003535801809028649,1.0,0
2026-04-21T05:38:02.340794,NORMAL,0.08936169357905376,0.42286817230980767,0.5691423343540369,0.66,0.16,0.6517665664082463,0.0,0.22422882693601554,1.0,0
2026-04-21T05:38:02.340823,NORMAL,0.027875284595747285,0.6202625589067682,0.5635549423935747,0.33,0.16,0.6502674497785065,0.0,0.16575306536360407,1.0,0
2026-04-21T05:38:02.340853,NORMAL,0.1728972790240238,0.8012299752609244,0.5974998137664556,0.33,0.5,0.20172894134250133,0.0,0.03569185976209046,1.0,0
2026-04-21T05:38:02.340882,NORMAL,0.1821112652507114,0.7789894587725494,0.47203555977869804,0.66,0.16,0.6015361842170986,0.0,0.14105752271849548,1.0,0
2026-04-21T05:38:02.340911,NORMAL,0.1006034126574061,0.5546884040491679,0.5768614408285004,0.66,0.5,0.9926930255559646,0.0,0.2714803941728857,1.0,0
2026-04-21T05:38:02.340941,NORMAL,0.11842301247421771,0.5734781099903653,0.4669502577369241,0.66,0.16,0.6773763083258201,0.0,0.14173854303382574,1.0,0
2026-04-21T05:38:02.340970,PORT_SCAN,0.025840316210577308,0.045163451545068733,0.10625315828109767,0.33,0.16,0.028926168578778822,1.0,0.7232482295320258,1.0,1
2026-04-21T05:38:02.341000,PORT_SCAN,0.07974531832283314,0.9038339865653713,0.12080877998823536,0.33,0.16,0.021105740468668754,1.0,0.7162943884420265,1.0,1
2026-04-21T05:38:02.341029,NORMAL,0.0812127960410644,0.9168682227399648,0.4169390727069594,0.66,0.5,0.7856932911697897,0.0,0.14029366670678425,1.0,0
2026-04-21T05:38:02.341059,NORMAL,0.023294737047203543,0.13164952656747497,0.4358696439899069,0.66,0.5,0.8601427817425444,0.0,0.19602900631710413,1.0,0
2026-04-21T05:38:02.341088,NORMAL,0.06668709826462679,0.9930992843959257,0.4855563923400904,0.33,0.5,0.3229085759512328,0.0,0.02493287070455369,1.0,0
2026-04-21T05:38:02.341117,NORMAL,0.1434987554985389,0.4371271044334676,0.4693213747549521,0.66,0.5,0.47265095888212305,0.0,0.18209340664409435,1.0,0
2026-04-21T05:38:02.341146,NORMAL,0.08107317363889521,0.5861585107713764,0.5103925139056271,0.33,0.5,0.21142776739453728,0.0,0.10606653801048807,1.0,0
2026-04-21T05:38:02.341175,NORMAL,0.12542552602362425,0.60877819512622,0.5664778827130775,0.33,0.5,0.2658328537687105,0.0,0.17406380576716235,1.0,0
2026-04-21T05:38:02.341205,PORT_SCAN,0.016717099567200223,0.9533262095748671,0.12391490056307858,0.33,0.16,0.045483805331282864,1.0,0.6250426239090311,1.0,1
2026-04-21T05:38:02.341234,NORMAL,0.14936542029476219,0.7897458352412335,0.43979729171940873,0.66,0.16,0.9980327152007715,0.0,0.26474361152324316,1.0,0
2026-04-21T05:38:02.341264,NORMAL,0.18669485503834238,0.33991242734971305,0.4717043430384236,0.66,0.5,0.3896900629618578,0.0,0.03779467671669091,1.0,0
2026-04-21T05:38:02.341293,NORMAL,0.11434731738236358,0.22196157086387724,0.40738098373579895,0.33,0.5,0.9667414693970245,0.0,0.10795975132097263,1.0,0
2026-04-21T05:38:02.341336,NORMAL,0.044131890493467114,0.3468068675217113,0.5485789152114262,0.66,0.5,0.43541686693502724,0.0,0.17172792826942687,1.0,0
2026-04-21T05:38:02.341366,NORMAL,0.10384621600053232,0.7979517256282057,0.5506290074222151,0.33,0.5,0.888288271636226,0.0,0.0276685947935251,1.0,0
2026-04-21T05:38:02.341395,PORT_SCAN,0.036980882337679453,0.9029240170581282,0.1695800927652897,0.33,0.16,0.026376984159044117,1.0,0.9956067139465065,1.0,1
2026-04-21T05:38:02.341430,NORMAL,0.04703082866199554,0.6666562017555724,0.42213683185221057,0.33,0.16,0.6421242359638254,0.0,0.14333196868934708,1.0,0
2026-04-21T05:38:02.341464,PORT_SCAN,0.09328368420132364,0.9625233606260417,0.21984138669599368,0.33,0.16,0.0060654128061203355,1.0,0.9308285049338059,1.0,1
2026-04-21T05:38:02.341497,PORT_SCAN,0.02676845166791337,0.44935451623939393,0.2249777137884119,0.33,0.16,0.039565688666011484,1.0,0.659507949772778,1.0,1
2026-04-21T05:38:02.341530,NORMAL,0.032969907969936006,0.3978093499496962,0.5156611939549008,0.33,0.16,0.4749918753740735,0.0,0.27269247858945844,1.0,0
2026-04-21T05:38:02.341562,NORMAL,0.18680033642135138,0.44284515850291617,0.43131747619690297,0.33,0.5,0.17207681447481546,0.0,0.08373513192127584,1.0,0
2026-04-21T05:38:02.341595,PORT_SCAN,0.07024940377511657,0.9497834491563915,0.23542451372393422,0.33,0.16,0.015840455357990585,1.0,0.9231788702601158,1.0,1
2026-04-21T05:38:02.341627,NORMAL,0.1896098469934934,0.5798252418523119,0.42601932509965457,0.66,0.5,0.14132874612405671,0.0,0.03494376236725389,1.0,0
2026-04-21T05:38:02.341661,NORMAL,0.10005219857173367,0.9906213364846195,0.5699393084059995,0.33,0.16,0.4067857019629356,0.0,0.2934093288012081,1.0,0
2026-04-21T05:38:02.341693,PORT_SCAN,0.08256062627173967,0.9427703466533274,0.13175288008071379,0.33,0.16,0.021898978237475455,1.0,0.8924711202356845,1.0,1
2026-04-21T05:38:02.341726,NORMAL,0.10126520483965809,0.12590630149822357,0.5497879443268161,0.33,0.5,0.45707214748459457,0.0,0.02477974174105957,1.0,0
2026-04-21T05:38:02.341758,PORT_SCAN,0.051993880437251214,0.5395042448934299,0.19187112133809248,0.33,0.16,0.04335809176890133,1.0,0.7473661080076731,1.0,1
2026-04-21T05:38:02.341791,NORMAL,0.15908385570853462,0.12948875539896298,0.520634613679472,0.33,0.16,0.5436044960862862,0.0,0.24425787035497498,1.0,0
2026-04-21T05:38:02.341823,NORMAL,0.10409456457284468,0.16037573675274852,0.5132640326999359,0.66,0.5,0.35857502369854966,0.0,0.2861236476816928,1.0,0
2026-04-21T05:38:02.341856,PORT_SCAN,0.09179064796109454,0.4231305956846416,0.1180611376248743,0.33,0.16,0.030290460452205677,1.0,0.6139328224053231,1.0,1
2026-04-21T05:38:02.341887,NORMAL,0.0970191511467912,0.1829171687198874,0.5399172663493447,0.33,0.16,0.9888295215955379,0.0,0.2559373360601891,1.0,0
2026-04-21T05:38:02.341916,PORT_SCAN,0.029795543646232936,0.5167199286783608,0.2449165221145968,0.33,0.16,0.008903729795033849,1.0,0.9298412259875548,1.0,1
2026-04-21T05:38:02.341946,NORMAL,0.12066481905721754,0.556768722198526,0.45303050407517115,0.33,0.16,0.1428623076235133,0.0,0.20857951392712362,1.0,0
2026-04-21T05:38:02.341975,NORMAL,0.06192584601121318,0.6721671250607767,0.4167489306923373,0.66,0.16,0.3908269168119206,0.0,0.058872217921802826,1.0,0
2026-04-21T05:38:02.342004,NORMAL,0.022375100889217084,0.4209394817378006,0.4197221068938734,0.66,0.16,0.4282986794398752,0.0,0.2843113379080329,1.0,0
2026-04-21T05:38:02.342033,NORMAL,0.03173279852588683,0.9425684747723908,0.4282283333468049,0.33,0.16,0.9188957856630063,0.0,0.06704293014335845,1.0,0
2026-04-21T05:38:02.342062,NORMAL,0.01581342857402404,0.5522962131576532,0.41911082235980884,0.66,0.16,0.30244121570527793,0.0,0.14835705712367966,1.0,0
2026-04-21T05:38:02.342091,NORMAL,0.19477933395064026,0.301669682602013,0.5238313322668345,0.66,0.16,0.3010282559624386,0.0,0.06662640079320126,1.0,0
2026-04-21T05:38:02.342120,NORMAL,0.14754618995205143,0.0373188289140991,0.5056416222745785,0.33,0.16,0.6391365045313809,0.0,0.1900591175950522,1.0,0
2026-04-21T05:38:02.342149,PORT_SCAN,0.06769555187210816,0.641283919887287,0.27425245625167033,0.33,0.16,0.027229326567519387,1.0,0.7952259496484457,1.0,1
2026-04-21T05:38:02.342188,NORMAL,0.15484184435073867,0.7582348654301266,0.5534799193596198,0.66,0.5,0.8653475918750485,0.0,0.03540876744600769,1.0,0
2026-04-21T05:38:02.342217,NORMAL,0.13525447222856418,0.23961671462080303,0.5640107087986862,0.33,0.16,0.4820377338284504,0.0,0.0630937988755725,1.0,0
2026-04-21T05:38:02.342246,NORMAL,0.05487324574785811,0.3525594664268831,0.44467898408962153,0.33,0.5,0.9468053370217814,0.0,0.029967504768010533,1.0,0
2026-04-21T05:38:02.342275,NORMAL,0.18848379362779802,0.46171464689688846,0.4710792891741816,0.66,0.16,0.7654353138551878,0.0,0.06470285864024239,1.0,0
2026-04-21T05:38:02.342304,NORMAL,0.021185581319429873,0.08414598934067308,0.522383340161884,0.66,0.16,0.5469143138754677,0.0,0.19465852563371758,1.0,0
2026-04-21T05:38:02.342334,NORMAL,0.028804018388253416,0.9911081135698976,0.4852264747648918,0.66,0.5,0.8066133003626612,0.0,0.13625963260170662,1.0,0
2026-04-21T05:38:02.342363,NORMAL,0.01784965602047002,0.4024306611868307,0.5643382855447858,0.66,0.5,0.7677046535651537,0.0,0.2431436700022784,1.0,0
2026-04-21T05:38:02.342392,NORMAL,0.10778878101942668,0.2198215246655344,0.5564000633696193,0.66,0.5,0.5390737427620826,0.0,0.04823155126380003,1.0,0
2026-04-21T05:38:02.342422,NORMAL,0.10754148919500787,0.9061480252743495,0.5000499613794777,0.66,0.5,0.9037006436094992,0.0,0.283823284529152,1.0,0
2026-04-21T05:38:02.342451,NORMAL,0.19626838703138832,0.6448378421776481,0.5004872847925965,0.33,0.16,0.8369519597728907,0.0,0.12273657989670222,1.0,0
2026-04-21T05:38:02.342480,NORMAL,0.18888160511559365,0.2466802345825393,0.4138638941282184,0.66,0.5,0.8818521999990757,0.0,0.22775086926903038,1.0,0
2026-04-21T05:38:02.342510,NORMAL,0.020789072957601164,0.8420242426540582,0.451464881212517,0.33,0.5,0.6923081893362784,0.0,0.1953285639026067,1.0,0
2026-04-21T05:38:02.342540,NORMAL,0.022954816148473795,0.3255863578833742,0.42856985384228863,0.66,0.5,0.44953593019333016,0.0,0.1752613933297231,1.0,0
2026-04-21T05:38:02.342569,PORT_SCAN,0.09036374719709835,0.48717999689074654,0.24442653623519667,0.33,0.16,0.014986489906199408,1.0,0.9634431624889148,1.0,1
2026-04-21T05:38:02.342598,NORMAL,0.1689040482779944,0.47213034952460775,0.5703488059403492,0.33,0.5,0.809661406313186,0.0,0.05841967592772591,1.0,0
2026-04-21T05:38:02.342627,NORMAL,0.021373274102802882,0.4970439978942912,0.4630290262822041,0.33,0.16,0.11915987465210397,0.0,0.15927849795268334,1.0,0
2026-04-21T05:38:02.342656,PORT_SCAN,0.01581939952219289,0.9152420622264577,0.11940507089468716,0.33,0.16,0.012937052662949866,1.0,0.8976311136766302,1.0,1
2026-04-21T05:38:02.342686,NORMAL,0.10930382579176834,0.7034639107571865,0.48324178268641205,0.33,0.5,0.5107085774895902,0.0,0.1457639984981371,1.0,0
2026-04-21T05:38:02.342715,NORMAL,0.18096022609985535,0.26359589207012313,0.5133153165579,0.33,0.16,0.4577348319976434,0.0,0.17220015698193128,1.0,0
2026-04-21T05:38:02.342744,PORT_SCAN,0.032271035489458345,0.5799097799018018,0.11492537574913547,0.33,0.16,0.04141584528958947,1.0,0.6223365833780826,1.0,1
2026-04-21T05:38:02.342773,NORMAL,0.06726169987570214,0.0089101142388619,0.5718744670123637,0.33,0.5,0.1585135231367105,0.0,0.2867527780171835,1.0,0
2026-04-21T05:38:02.342802,NORMAL,0.04128135360911674,0.10578296171521384,0.4490270706662323,0.33,0.5,0.5856356190053662,0.0,0.2348080274388289,1.0,0
2026-04-21T05:38:02.342832,NORMAL,0.14254657303605636,0.20165065606588994,0.550560341486575,0.33,0.16,0.31766229855382,0.0,0.23607834727679533,1.0,0
2026-04-21T05:38:02.342861,PORT_SCAN,0.06550500208960186,0.8633966919883387,0.1807878360784264,0.33,0.16,0.010554354829068809,1.0,0.8196486733732428,1.0,1
2026-04-21T05:38:02.342890,NORMAL,0.05147179815099279,0.9109948587286598,0.5206876532140311,0.33,0.16,0.6881539493455654,0.0,0.07350557205698345,1.0,0
2026-04-21T05:38:02.342919,NORMAL,0.015484328777922704,0.787936520603024,0.5982942423663832,0.33,0.5,0.8265959316763148,0.0,0.2052335680564601,1.0,0
2026-04-21T05:38:02.342949,NORMAL,0.04636682806535953,0.8223688056853552,0.5518345460178192,0.66,0.16,0.5997940520490566,0.0,0.13121352451118826,1.0,0
2026-04-21T05:38:02.342988,NORMAL,0.18386649726659954,0.9871063621126989,0.4696984992845328,0.66,0.5,0.20484551979851864,0.0,0.13470219197247602,1.0,0
2026-04-21T05:38:02.343018,NORMAL,0.18639931879852953,0.08574102620432233,0.42276281034409985,0.66,0.16,0.12740831222807789,0.0,0.07934180189017095,1.0,0
2026-04-21T05:38:02.343048,NORMAL,0.13657914732485787,0.8555009760806773,0.43869791979010453,0.66,0.16,0.5011366548731311,0.0,0.1789009107758108,1.0,0
2026-04-21T05:38:02.343077,NORMAL,0.09877893441708095,0.3264118053196672,0.5865867705182876,0.66,0.5,0.6946250023466831,0.0,0.16657058646648165,1.0,0
2026-04-21T05:38:02.343106,NORMAL,0.14419185189403516,0.7262028251783372,0.4987633830222899,0.33,0.5,0.8488545984414582,0.0,0.07415578330686626,1.0,0
2026-04-21T05:38:02.343135,PORT_SCAN,0.08070320538136115,0.2780969361965243,0.13246047669244362,0.33,0.16,0.03740558285158741,1.0,0.9527296087634785,1.0,1
2026-04-21T05:38:02.343165,NORMAL,0.10674680798007392,0.31647701258592176,0.5797740650101258,0.33,0.5,0.18863010518404907,0.0,0.14304702985063134,1.0,0
2026-04-21T05:38:02.343195,NORMAL,0.026250876642424037,0.5640723613513463,0.4395137839718034,0.66,0.16,0.17679908605862815,0.0,0.24027373793829562,1.0,0
2026-04-21T05:38:02.343224,NORMAL,0.05580692517574434,0.3604415737549007,0.49845766625585286,0.33,0.16,0.6183139349559214,0.0,0.24574366455634478,1.0,0
2026-04-21T05:38:02.343253,NORMAL,0.02156173179859875,0.7541793109244784,0.5433802742815782,0.33,0.5,0.7496777671573874,0.0,0.11782435316853339,1.0,0
2026-04-21T05:38:02.343283,NORMAL,0.13955311849741586,0.5743266318562146,0.5927043348481601,0.66,0.16,0.532085794020792,0.0,0.042589422389793005,1.0,0
2026-04-21T05:38:02.343312,PORT_SCAN,0.07490253921144809,0.40771089628038704,0.2878874928207914,0.33,0.16,0.04565768864678827,1.0,0.6164780065339054,1.0,1
2026-04-21T05:38:02.343341,NORMAL,0.04999290761258737,0.20900045435929782,0.5319620123346557,0.66,0.16,0.9554903182839328,0.0,0.08074675782047558,1.0,0
2026-04-21T05:38:02.343370,NORMAL,0.10052361045042643,0.4100284426223326,0.4909621681986067,0.33,0.5,0.19054563804547192,0.0,0.16532406807276656,1.0,0
2026-04-21T05:38:02.343400,NORMAL,0.03852776283917047,0.8854372831180728,0.5543871138586938,0.66,0.16,0.3127512238946714,0.0,0.06693077069783071,1.0,0
2026-04-21T05:38:02.343429,NORMAL,0.10884535309332874,0.5488499341364463,0.5010553216667448,0.66,0.16,0.1391442788778039,0.0,0.10693202410005898,1.0,0
2026-04-21T05:38:02.343458,PORT_SCAN,0.0497098812234644,0.8042674889498018,0.2373521640232867,0.33,0.16,0.024937812289554565,1.0,0.9325152522651114,1.0,1
2026-04-21T06:00:47.355274,ANOMALY_DETECTED,0.044,0.883085374227512,0.2196078431372549,0.3333333333333333,0.5,0.0,1.0,1.0,1.0,1
2026-04-21T06:00:47.726340,ANOMALY_DETECTED,0.04933333333333333,0.8836957351033798,0.4627450980392157,0.3333333333333333,0.3333333333333333,0.0,1.0,1.0,1.0,1
2026-04-21T06:00:48.537767,ANOMALY_DETECTED,0.05,0.94360265506981,0.3333333333333333,0.6666666666666666,0.8333333333333334,0.0,1.0,1.0,1.0,1
2026-04-21T06:00:53.781266,ANOMALY_DETECTED,0.05466666666666667,0.9640955214770733,0.2235294117647059,0.6666666666666666,0.8333333333333334,0.0,1.0,1.0,1.0,1
2026-04-21T06:00:55.907400,ANOMALY_DETECTED,0.07,0.8834668497749294,0.19607843137254902,0.3333333333333333,0.5,0.0,1.0,1.0,1.0,1
2026-04-21T06:00:56.622084,ANOMALY_DETECTED,0.07,0.8833600366216525,0.2,0.3333333333333333,0.5,0.0,1.0,1.0,1.0,1
2026-04-21T06:01:04.395299,ANOMALY_DETECTED,0.044,0.8826581216144045,0.2235294117647059,0.3333333333333333,0.5,0.0,1.0,1.0,1.0,1
2026-04-21T06:01:08.452120,ANOMALY_DETECTED,0.05466666666666667,0.7723659113450828,0.22745098039215686,0.6666666666666666,0.8333333333333334,0.0,1.0,1.0,1.0,1
2026-04-21T06:01:09.689158,ANOMALY_DETECTED,0.044,0.8836346990157931,0.40784313725490196,0.3333333333333333,0.5,0.0,1.0,1.0,1.0,1
2026-04-21T06:01:10.409365,ANOMALY_DETECTED,0.04533333333333334,0.7954375524528877,0.22745098039215686,0.6666666666666666,0.8333333333333334,0.0,1.0,1.0,1.0,1
2026-04-21T06:01:11.681127,ANOMALY_DETECTED,0.04933333333333333,0.9236896314946212,0.20392156862745098,0.3333333333333333,0.3333333333333333,0.0,1.0,1.0,1.0,1
2026-04-21T06:01:12.383053,ANOMALY_DETECTED,0.044,0.8811779964904249,0.4745098039215686,0.3333333333333333,0.5,0.0,1.0,1.0,1.0,1
2026-04-21T06:01:17.426501,ANOMALY_DETECTED,0.04933333333333333,0.8837262531471732,0.4745098039215686,0.3333333333333333,0.3333333333333333,0.0,1.0,1.0,1.0,1
2026-04-21T06:01:17.469717,ANOMALY_DETECTED,0.04933333333333333,0.8837109941252765,0.4745098039215686,0.3333333333333333,0.3333333333333333,0.0,1.0,1.0,1.0,1
2026-04-21T06:01:28.033526,ANOMALY_DETECTED,0.044,0.8827191577019913,0.2196078431372549,0.3333333333333333,0.5,0.0,1.0,1.0,1.0,1
2026-04-21T06:01:29.834580,ANOMALY_DETECTED,0.044,0.8832227054245823,0.4745098039215686,0.3333333333333333,0.5,0.0,1.0,1.0,1.0,1
2026-04-21T06:01:30.915011,ANOMALY_DETECTED,0.044,0.8832684824902723,0.4745098039215686,0.3333333333333333,0.5,0.0,1.0,1.0,1.0,1
2026-04-21T06:01:41.558854,ANOMALY_DETECTED,0.044,0.88378728923476,0.4196078431372549,0.3333333333333333,0.3333333333333333,0.0,1.0,1.0,1.0,1
2026-04-21T06:01:42.014511,ANOMALY_DETECTED,0.062,0.8023346303501946,0.21176470588235294,0.6666666666666666,0.8333333333333334,0.0,1.0,1.0,1.0,1
2026-04-21T06:01:42.869925,ANOMALY_DETECTED,0.04933333333333333,0.8838788433661402,0.2196078431372549,0.3333333333333333,0.3333333333333333,0.0,1.0,1.0,1.0,1
2026-04-21T06:01:43.792517,ANOMALY_DETECTED,0.04933333333333333,0.883939879453727,0.396078431372549,0.3333333333333333,0.3333333333333333,0.0,1.0,1.0,1.0,1
2026-04-21T06:01:45.240249,ANOMALY_DETECTED,0.044,0.8839856565194171,0.9490196078431372,0.3333333333333333,0.3333333333333333,0.0,1.0,1.0,1.0,1
2026-04-21T06:01:47.665979,ANOMALY_DETECTED,0.04,0.8803845273517967,0.44313725490196076,0.3333333333333333,0.5,0.0,1.0,1.0,1.0,1
2026-04-21T06:01:56.869814,ANOMALY_DETECTED,0.05466666666666667,0.8116426337071794,0.22745098039215686,0.6666666666666666,0.8333333333333334,0.0,1.0,1.0,1.0,1
2026-04-21T06:02:53.716971,ANOMALY_DETECTED,0.06,0.00187685969329366,0.2235294117647059,0.6666666666666666,0.8333333333333334,0.0,1.0,0.3,1.0,1
2026-04-21T06:02:54.099159,ANOMALY_DETECTED,0.05466666666666667,0.9426413366903181,0.22745098039215686,0.6666666666666666,0.8333333333333334,0.0,1.0,1.0,1.0,1
2026-04-21T06:03:32.560527,ANOMALY_DETECTED,0.04933333333333333,0.8867170214389257,0.20784313725490197,0.3333333333333333,0.3333333333333333,0.0,1.0,1.0,1.0,1
2026-04-21T06:04:16.276498,ANOMALY_DETECTED,0.04933333333333333,0.8867322804608224,0.4117647058823529,0.3333333333333333,0.3333333333333333,0.0,1.0,1.0,1.0,1
2026-04-21T06:04:26.454375,ANOMALY_DETECTED,0.04933333333333333,0.8868390936140993,0.20392156862745098,0.3333333333333333,0.3333333333333333,0.0,1.0,1.0,1.0,1
2026-04-21T06:04:28.713363,ANOMALY_DETECTED,0.05466666666666667,0.9234760051880675,0.2196078431372549,0.6666666666666666,0.8333333333333334,0.0,1.0,1.0,1.0,1
2026-04-21T06:04:30.610373,ANOMALY_DETECTED,0.05466666666666667,0.987335011825742,0.45098039215686275,0.6666666666666666,0.8333333333333334,0.0,1.0,1.0,1.0,1
2026-04-21T06:05:33.355928,ANOMALY_DETECTED,0.04933333333333333,0.9237201495384146,0.21568627450980393,0.3333333333333333,0.3333333333333333,0.0,1.0,1.0,1.0,1
2026-04-21T06:05:33.866346,ANOMALY_DETECTED,0.828,0.8552529182879377,0.2235294117647059,0.6666666666666666,0.8333333333333334,0.0,1.0,1.0,1.0,1
2026-04-21T06:06:09.735425,ANOMALY_DETECTED,0.04933333333333333,0.8869916838330663,0.2235294117647059,0.3333333333333333,0.3333333333333333,0.0,1.0,1.0,1.0,1
2026-04-21T06:06:10.263780,ANOMALY_DETECTED,0.828,0.8809033340962844,0.21568627450980393,0.6666666666666666,0.8333333333333334,0.0,1.0,1.0,1.0,1
2026-04-21T06:06:10.713383,ANOMALY_DETECTED,0.04933333333333333,0.8870832379644464,0.21176470588235294,0.3333333333333333,0.3333333333333333,0.0,1.0,1.0,1.0,1
2026-04-21T06:06:18.420572,ANOMALY_DETECTED,0.04933333333333333,0.8872205691615167,0.4745098039215686,0.3333333333333333,0.3333333333333333,0.0,1.0,1.0,1.0,1
2026-04-21T06:07:22.345351,ANOMALY_DETECTED,0.05466666666666667,0.882230869001297,0.22745098039215686,0.6666666666666666,0.8333333333333334,0.0,1.0,1.0,1.0,1
2026-04-21T06:07:41.309240,ANOMALY_DETECTED,0.044,0.8873426413366903,0.4627450980392157,0.3333333333333333,0.5,1.0,0.0,1.0,1.0,1
2026-04-21T06:07:41.623384,ANOMALY_DETECTED,0.044,0.8859693293659876,0.4745098039215686,0.3333333333333333,0.5,1.0,0.0,1.0,1.0,1
2026-04-21T06:07:44.154364,ANOMALY_DETECTED,0.044,0.887357900358587,0.4666666666666667,0.3333333333333333,0.5,1.0,0.0,1.0,1.0,1
2026-04-21T06:07:47.742621,ANOMALY_DETECTED,0.04,0.8803845273517967,0.44313725490196076,0.3333333333333333,0.5,1.0,0.0,1.0,1.0,1
2026-04-21T06:07:50.742803,ANOMALY_DETECTED,0.044,0.8869611657892729,0.21568627450980393,0.3333333333333333,0.5,1.0,0.0,1.0,1.0,1
2026-04-21T06:07:54.493745,ANOMALY_DETECTED,0.046,0.7578088044556344,0.2235294117647059,0.6666666666666666,0.8333333333333334,1.0,0.0,1.0,1.0,1
2026-04-21T06:07:54.655126,ANOMALY_DETECTED,0.04533333333333334,0.7639887083237964,0.22745098039215686,0.6666666666666666,0.8333333333333334,1.0,0.0,1.0,1.0,1
2026-04-21T06:07:54.844582,ANOMALY_DETECTED,0.082,0.8590218966964217,0.22745098039215686,0.6666666666666666,0.8333333333333334,0.0,1.0,1.0,1.0,1
2026-04-21T06:07:56.123645,ANOMALY_DETECTED,0.05466666666666667,0.9580071717402915,0.4588235294117647,0.6666666666666666,0.8333333333333334,0.0,1.0,1.0,1.0,1
2026-04-21T06:07:56.397601,ANOMALY_DETECTED,0.044,0.8811779964904249,0.4745098039215686,0.3333333333333333,0.5,1.0,0.0,1.0,1.0,1
2026-04-21T06:08:09.511992,ANOMALY_DETECTED,0.05466666666666667,0.8218051422903792,0.22745098039215686,0.6666666666666666,0.8333333333333334,1.0,0.0,1.0,1.0,1
2026-04-21T06:08:13.312195,ANOMALY_DETECTED,0.044,0.8838788433661402,0.2196078431372549,0.3333333333333333,0.5,1.0,0.0,1.0,1.0,1
2026-04-21T06:08:59.697259,NORMAL,0.04933333333333333,0.8875410086213473,0.21568627450980393,0.3333333333333333,0.3333333333333333,0.0,1.0,1.0,1.0,0
